Workbook

Sheet ExchangeRateVO(汇率详情)
A1: ERROR_MSG | B1: filter_flag | C1: exchangeRateType_name | D1: targetCurrencyId_name | E1: sourceCurrencyId_name | F1: quotationDate | G1: exchangeRate
A2: 错误信息 | B2: 过滤标识 | C2: *汇率类型 | D2: *目的币种 | E2: *源币种 | F2: *报价日期 | G2: *汇率
A3: X | B3: X | C3: 非空，填写汇率类型编码 | D3: 非空，参照企业账号下币种档案里的币种名称填写 | E3: 非空，参照企业账号下币种档案里的币种名称填写 | F3: 非空，请输当前汇率的报价日期 | G3: 非空，按照当前汇率类型的精度输入，多余的位数会四舍五入
A4: X | B4: X | C4: 字符,长度1024,必输 | D4: 字符,长度1024,必输 | E4: 字符,长度1024,必输 | F4: 日期,必输 | G4: 浮点型,必输
C5: 01 | D5: 卢布 | E5: 人民币 | F5: 20260701 | G5: =ROUND(1/汇总!I4,6) -> 11.5913
C6: 01 | D6: 卢布 | E6: 美元 | F6: 20260701 | G6: =ROUND(汇总!C4/汇总!I4,6) -> 78.898502
C7: 01 | D7: 美元 | E7: 泰铢 | F7: 20260701 | G7: =ROUND(汇总!K4/汇总!C4,6) -> 0.029977
C8: 01 | D8: 美元 | E8: 越南盾 | F8: 20260701 | G8: =ROUND(汇总!H4/汇总!C4,6) -> 3.8e-05 | H8: 小币种
C9: 01 | D9: 美元 | E9: 卢布 | F9: 20260701 | G9: =ROUND(汇总!I4/汇总!C4,6) -> 0.012675
C10: 01 | D10: 美元 | E10: 墨西哥比索 | F10: 20260701 | G10: =ROUND(汇总!G4/汇总!C4,6) -> 0.057134
C11: 01 | D11: 美元 | E11: 坦桑尼亚先令 | F11: 20260701 | G11: =ROUND(汇总!F4/汇总!C4,6) -> 0.000381 | H11: 小币种
C12: 01 | D12: 美元 | E12: 英镑 | F12: 20260701 | G12: =ROUND(汇总!J4/汇总!C4,6) -> 1.323343
C13: 01 | D13: 美元 | E13: 欧元 | F13: 20260701 | G13: =ROUND(汇总!L4/汇总!C4,6) -> 1.139671
C14: 01 | D14: 墨西哥比索 | E14: 人民币 | F14: 20260701 | G14: =ROUND(1/汇总!G4,6) -> 2.5714
C15: 01 | D15: 墨西哥比索 | E15: 美元 | F15: 20260701 | G15: =ROUND(汇总!C4/汇总!G4,6) -> 17.502748
C16: 01 | D16: 欧元 | E16: 英镑 | F16: 20260701 | G16: =ROUND(汇总!J4/汇总!L4,6) -> 1.161162
C17: 01 | D17: 欧元 | E17: 美元 | F17: 20260701 | G17: =ROUND(汇总!C4/汇总!L4,6) -> 0.877446
C18: 01 | D18: 欧元 | E18: 人民币 | F18: 20260701 | G18: =ROUND(1/汇总!L4,6) -> 0.128909
C19: 01 | D19: 人民币 | E19: 卢布 | F19: 20260701 | G19: =ROUND(汇总!I4,6) -> 0.086272
C20: 01 | D20: 人民币 | E20: 墨西哥比索 | F20: 20260701 | G20: =ROUND(汇总!G4,6) -> 0.388893
C21: 01 | D21: 人民币 | E21: 欧元 | F21: 20260701 | G21: =ROUND(汇总!L4,6) -> 7.7574
C22: 01 | D22: 泰铢 | E22: 美元 | F22: 20260701 | G22: =ROUND(汇总!C4/汇总!K4,6) -> 33.358956
C23: 01 | D23: 坦桑尼亚先令 | E23: 美元 | F23: 20260701 | G23: =ROUND(汇总!C4/汇总!F4,6) -> 2625 | H23: 小币种
C24: 01 | D24: 英镑 | E24: 欧元 | F24: 20260701 | G24: =ROUND(汇总!L4/汇总!J4,6) -> 0.861206
C25: 01 | D25: 英镑 | E25: 美元 | F25: 20260701 | G25: =ROUND(汇总!C4/汇总!J4,6) -> 0.755662
C26: 01 | D26: 越南盾 | E26: 美元 | F26: 20260701 | G26: =ROUND(汇总!C4/汇总!H4,6) -> 26290 | H26: 小币种
C27: 01 | D27: 人民币 | E27: 美元 | F27: 20260701 | G27: =ROUND(汇总!C4,6) -> 6.8067
C28: 01 | D28: 美元 | E28: 人民币 | F28: 20260701 | G28: =ROUND(1/汇总!C4,6) -> 0.146914
C29: 01 | D29: 人民币 | E29: 泰铢 | F29: 20260701 | G29: =ROUND(汇总!K4,6) -> 0.204044
C30: 01 | D30: 泰铢 | E30: 人民币 | F30: 20260701 | G30: =ROUND(1/汇总!K4,6) -> 4.9009
C31: 01 | D31: 欧元 | E31: 兹罗提 | F31: 20260701 | G31: =ROUND(汇总!M4/汇总!L4,6) -> 0.232776
C32: 01 | D32: 人民币 | E32: 南非兰特 | F32: 20260701 | G32: =ROUND(汇总!N4,6) -> 0.414886
C33: 01 | D33: 美元 | E33: 南非兰特 | F33: 20260701 | G33: =ROUND(汇总!N4/汇总!C4,6) -> 0.060953
C34: 01 | D34: 南非兰特 | E34: 人民币 | F34: 20260701 | G34: =ROUND(1/汇总!N4,6) -> 2.4103
C35: 01 | D35: 南非兰特 | E35: 美元 | F35: 20260701 | G35: =ROUND(汇总!C4/汇总!N4,6) -> 16.406189
C36: 01 | D36: 人民币 | E36: 越南盾 | F36: 20260701 | G36: =ROUND(汇总!H4,6) -> 0.000259 | H36: 小币种
C37: 01 | D37: 人民币 | E37: 坦桑尼亚先令 | F37: 20260701 | G37: =ROUND(汇总!F4,6) -> 0.002593 | H37: 小币种
C38: 01 | D38: 人民币 | E38: 英镑 | F38: 20260701 | G38: =ROUND(汇总!J4,6) -> 9.0076
C39: 01 | D39: 人民币 | E39: 菲律宾比索 | F39: 20260701 | G39: =ROUND(汇总!P4,6) -> 0.1111 | H39: 小币种
C40: 01 | D40: 美元 | E40: 菲律宾比索 | F40: 20260701 | G40: =ROUND(汇总!P4/汇总!C4,6) -> 0.016322 | H40: 小币种
C41: 01 | D41: 菲律宾比索 | E41: 人民币 | F41: 20260701 | G41: =ROUND(1/汇总!P4,6) -> 9.000911 | H41: 小币种
C42: 01 | D42: 菲律宾比索 | E42: 美元 | F42: 20260701 | G42: =ROUND(汇总!C4/汇总!P4,6) -> 61.2665 | H42: 小币种
C43: 01 | D43: 人民币 | E43: 新加坡 | F43: 20260701 | G43: =ROUND(汇总!O4,6) -> 5.2528
C44: 01 | D44: 美元 | E44: 新加坡 | F44: 20260701 | G44: =ROUND(汇总!O4/汇总!C4,6) -> 0.77171
C45: 01 | D45: 人民币 | E45: 兹罗提 | F45: 20260701 | G45: =ROUND(汇总!M4,6) -> 1.805739
C46: 01 | D46: 美元 | E46: 兹罗提 | F46: 20260701 | G46: =ROUND(汇总!M4/汇总!C4,6) -> 0.265288
C47: 01 | D47: 坦桑尼亚先令 | E47: 人民币 | F47: 20260701 | G47: =ROUND(1/汇总!F4,6) -> 385.64943 | H47: 小币种
C48: 01 | D48: 加元 | E48: 人民币 | F48: 20260701 | G48: =ROUND(1/汇总!S4,6) -> 0.209021
C49: 01 | D49: 人民币 | E49: 加元 | F49: 20260701 | G49: =ROUND(汇总!S4,6) -> 4.7842
C50: 01 | D50: 美元 | E50: 马来西亚林吉特 | F50: 20260701 | G50: =ROUND(汇总!U4/汇总!C4,6) -> 0.245697 | H50: 小币种
C51: 01 | D51: 马来西亚林吉特 | E51: 美元 | F51: 20260701 | G51: =ROUND(汇总!C4/汇总!U4,6) -> 4.070058 | H51: 小币种
C52: 01 | D52: 人民币 | E52: 马来西亚林吉特 | F52: 20260701 | G52: =ROUND(汇总!U4,6) -> 1.672384 | H52: 小币种

Sheet 汇总
E1: =#REF!*C147 -> #REF! | F1: =#REF!*C147 -> #REF! | H1: =#REF!*C147 -> #REF!
B2: 各子公司当地货币兑人民币汇率
B3: 46204 | C3: 美国-USD | D3: 香港-HKD | E3: 印尼-IDR | F3: 坦桑-TZS | G3: 墨西哥-MXN | H3: 越南-VND | I3: 俄罗斯-RUB | J3: 英国-GBP | K3: 泰国-THB | L3: 比利时-EUR | M3: 波兰-PLN | N3: 南非-ZAR | O3: 新加坡-SGD | P3: 菲律宾-PHP | Q3: 尼日利亚-NGN | R3: 日本-JPY | S3: 加拿大-CAD | T3: 澳大利亚-AUD | U3: 马来西亚-MYR | V3: 新西兰-NZD
B4: 期初汇率 | C4: ='人民币汇率中间价（月初，月末）'!$B2/100 -> 6.8067 | D4: ='人民币汇率中间价（月初，月末）'!$E2/100 -> 0.86784 | E4: =+'印尼央行汇率-7月'!O370 -> 0.00037902908 | F4: =0.000380952380952127*C4 -> 0.0025930286 | G4: =100/'人民币汇率中间价（月初，月末）'!$Y2 -> 0.38889321 | H4: =0.0000380372765309995*C4 -> 0.00025890833 | I4: =100/'人民币汇率中间价（月初，月末）'!$N2 -> 0.0862716 | J4: ='人民币汇率中间价（月初，月末）'!$F2/100 -> 9.0076 | K4: =100/'人民币汇率中间价（月初，月末）'!$Z2 -> 0.20404416 | L4: ='人民币汇率中间价（月初，月末）'!$C2/100 -> 7.7574 | M4: =100/'人民币汇率中间价（月初，月末）'!$T2 -> 1.8057386 | N4: =100/'人民币汇率中间价（月初，月末）'!$O2 -> 0.41488611 | O4: ='人民币汇率中间价（月初，月末）'!$I2/100 -> 5.2528 | P4: =0.0163221336297023*C4 -> 0.11109987 | Q4: =0.00072393997089663*C4 -> 0.0049276422 | R4: ='人民币汇率中间价（月初，月末）'!$D2/100 -> 0.041835 | S4: ='人民币汇率中间价（月初，月末）'!$K2/100 -> 4.7842 | T4: ='人民币汇率中间价（月初，月末）'!G2/100 -> 4.6987 | U4: =0.245696767189406*C4 -> 1.6723842 | V4: =0.564007693550045*C4 -> 3.8390312
B5: 期末汇率
B6: 平均汇率
B7: 46174 | C7: 美国-USD | D7: 香港-HKD | E7: 印尼-IDR | F7: 坦桑-TZS | G7: 墨西哥-MXN | H7: 越南-VND | I7: 俄罗斯-RUB | J7: 英国-GBP | K7: 泰国-THB | L7: 比利时-EUR | M7: 波兰-PLN | N7: 南非-ZAR | O7: 新加坡-SGD | P7: 菲律宾-PHP | Q7: 尼日利亚-NGN | R7: 日本-JPY | S7: 加拿大-CAD | T7: 澳大利亚-AUD | U7: 马来西亚-MYR | V7: 新西兰-NZD
B8: 期初汇率 | C8: ='人民币汇率中间价（月初，月末）'!$B4/100 -> 6.8167 | D8: ='人民币汇率中间价（月初，月末）'!$E4/100 -> 0.86986 | E8: =+E14 -> 0.00038150465 | F8: =0.000382409177820421*C8 -> 0.0026067686 | G8: =100/'人民币汇率中间价（月初，月末）'!$Y4 -> 0.39212611 | H8: =0.0000379830975215987*C8 -> 0.00025891938 | I8: =100/'人民币汇率中间价（月初，月末）'!$N4 -> 0.095339791 | J8: ='人民币汇率中间价（月初，月末）'!$F4/100 -> 9.1339 | K8: =100/'人民币汇率中间价（月初，月末）'!$Z4 -> 0.2082856 | L8: ='人民币汇率中间价（月初，月末）'!$C4/100 -> 7.9122 | M8: =100/'人民币汇率中间价（月初，月末）'!$T4 -> 1.8726241 | N8: =100/'人民币汇率中间价（月初，月末）'!$O4 -> 0.41827004 | O8: ='人民币汇率中间价（月初，月末）'!$I4/100 -> 5.3197 | P8: =0.0162716718327073*C8 -> 0.11091911 | Q8: =0.000727902693968077*C8 -> 0.0049618943 | R8: ='人民币汇率中间价（月初，月末）'!$D4/100 -> 0.042656 | S8: ='人民币汇率中间价（月初，月末）'!$K4/100 -> 4.9188 | T8: ='人民币汇率中间价（月初，月末）'!G4/100 -> 4.8759 | U8: =0.251051215709286*C8 -> 1.7113408 | V8: =0.591909176249707*C8 -> 4.0348673
B9: 期末汇率 | C9: ='人民币汇率中间价（月初，月末）'!$B3/100 -> 6.8109 | D9: ='人民币汇率中间价（月初，月末）'!$E3/100 -> 0.86855 | E9: =+'印尼央行汇率-7月'!O361 -> 0.00038044078 | F9: =0.000380952380952127*C9 -> 0.0025946286 | G9: =100/'人民币汇率中间价（月初，月末）'!$Y3 -> 0.38968124 | H9: =0.0000380372765309995*C9 -> 0.00025906809 | I9: =100/'人民币汇率中间价（月初，月末）'!$N3 -> 0.088266707 | J9: ='人民币汇率中间价（月初，月末）'!$F3/100 -> 9.0145 | K9: =100/'人民币汇率中间价（月初，月末）'!$Z3 -> 0.20424419 | L9: ='人民币汇率中间价（月初，月末）'!$C3/100 -> 7.7671 | M9: =100/'人民币汇率中间价（月初，月末）'!$T3 -> 1.8121195 | N9: =100/'人民币汇率中间价（月初，月末）'!$O3 -> 0.41440471 | O9: ='人民币汇率中间价（月初，月末）'!$I3/100 -> 5.2605 | P9: =0.0163221336297023*C9 -> 0.11116842 | Q9: =0.00072393997089663*C9 -> 0.0049306827 | R9: ='人民币汇率中间价（月初，月末）'!$D3/100 -> 0.042045 | S9: ='人民币汇率中间价（月初，月末）'!$K3/100 -> 4.7847 | T9: ='人民币汇率中间价（月初，月末）'!G3/100 -> 4.6804 | U9: =0.245696767189406*C9 -> 1.6734161 | V9: =0.564007693550045*C9 -> 3.8414
B10: 平均汇率 | C10: =+美元!IF2 -> 6.8153762 | D10: =+港币!IC2 -> 0.86961762 | E10: =+印尼盾!UM2 -> 0.00038168549 | F10: =+坦桑!MB2 -> 0.0025963338 | G10: =+墨西哥比索!LA2 -> 0.39160036 | H10: =+越南盾!LJ2 -> 0.00025923835 | I10: =+俄罗斯卢布!KB2 -> 0.092215031 | J10: =+英镑!KZ2 -> 9.066181 | K10: =+泰国泰铢!JO2 -> 0.20641072 | L10: =+'欧元 '!KV2 -> 7.8310619 | M10: =+兹罗提!HX2 -> 1.8422135 | N10: =+南非兰特!GK2 -> 0.41486234 | O10: =+新加坡!FL2 -> 5.2798714 | P10: =+菲律宾!GT2 -> 0.11124148 | Q10: =+尼日利亚!DG2 -> 0.0049339232 | R10: =+日元!IZ2 -> 0.042350574 | S10: =+加元!CW2 -> 4.845681 | T10: =+澳元!KA2 -> 4.7786048 | U10: =+马来西亚!BE2 -> 1.6745159 | V10: =+新西兰!AM2 -> 3.8439246
B11: 46143 | C11: 美国-USD | D11: 香港-HKD | E11: 印尼-IDR | F11: 坦桑-TZS | G11: 墨西哥-MXN | H11: 越南-VND | I11: 俄罗斯-RUB | J11: 英国-GBP | K11: 泰国-THB | L11: 比利时-EUR | M11: 波兰-PLN | N11: 南非-ZAR | O11: 新加坡-SGD | P11: 菲律宾-PHP | Q11: 尼日利亚-NGN | R11: 日本-JPY | S11: 加拿大-CAD | T11: 澳大利亚-AUD | U11: 马来西亚-MYR | V11: 新西兰-NZD
B12: 46143 | C12: 6.8628 | D12: 0.87581 | E12: 0.00039428756 | F12: 0.0026446243 | G12: 0.3910833 | H12: 0.00026038853 | I12: 0.091435259 | J12: 9.2416 | K12: 0.20891219 | L12: 8.0057 | M12: 1.880194 | N12: 0.40738176 | O12: 5.3518 | P12: 0.11128444 | Q12: 0.0049870288 | R12: 0.042812 | S12: 5.0085 | T12: 4.8824 | U12: 1.7326518 | V12: 4
B13: 46148 | C13: ='人民币汇率中间价（月初，月末）'!$B6/100 -> 6.8562 | D13: ='人民币汇率中间价（月初，月末）'!$E6/100 -> 0.87504 | E13: =+'印尼央行汇率-7月'!O339 -> 0.00039198009 | F13: =0.00038535645472082*C13 -> 0.0026420809 | G13: =100/'人民币汇率中间价（月初，月末）'!$Y6 -> 0.39471087 | H13: =0.0000379420245864298*C13 -> 0.00026013811 | I13: =100/'人民币汇率中间价（月初，月末）'!$N6 -> 0.090413461 | J13: ='人民币汇率中间价（月初，月末）'!$F6/100 -> 9.2712 | K13: =100/'人民币汇率中间价（月初，月末）'!$Z6 -> 0.21039344 | L13: ='人民币汇率中间价（月初，月末）'!$C6/100 -> 8.0094 | M13: =100/'人民币汇率中间价（月初，月末）'!$T6 -> 1.8887168 | N13: =100/'人民币汇率中间价（月初，月末）'!$O6 -> 0.41232013 | O13: ='人民币汇率中间价（月初，月末）'!$I6/100 -> 5.3677 | P13: =0.0162156026526111*C13 -> 0.11117741 | Q13: =0.000726675532109729*C13 -> 0.0049822328 | R13: ='人民币汇率中间价（月初，月末）'!$D6/100 -> 0.043338 | S13: ='人民币汇率中间价（月初，月末）'!$K6/100 -> 5.0224 | T13: ='人民币汇率中间价（月初，月末）'!G6/100 -> 4.9245 | U13: =0.252470103108942*C13 -> 1.7309855 | V13: =0.582852480037303*C13 -> 3.9961532
B14: 期末汇率 | C14: ='人民币汇率中间价（月初，月末）'!$B5/100 -> 6.8176 | D14: ='人民币汇率中间价（月初，月末）'!$E5/100 -> 0.87029 | E14: =+'印尼央行汇率-7月'!O348 -> 0.00038150465 | F14: =0.000382409177820421*C14 -> 0.0026071128 | G14: =100/'人民币汇率中间价（月初，月末）'!$Y5 -> 0.39312812 | H14: =0.0000379830975215987*C14 -> 0.00025895357 | I14: =100/'人民币汇率中间价（月初，月末）'!$N5 -> 0.095506423 | J14: ='人民币汇率中间价（月初，月末）'!$F5/100 -> 9.1335 | K14: =100/'人民币汇率中间价（月初，月末）'!$Z5 -> 0.20825524 | L14: ='人民币汇率中间价（月初，月末）'!$C5/100 -> 7.916 | M14: =100/'人民币汇率中间价（月初，月末）'!$T5 -> 1.8751524 | N14: =100/'人民币汇率中间价（月初，月末）'!$O5 -> 0.4189008 | O14: ='人民币汇率中间价（月初，月末）'!$I5/100 -> 5.3271 | P14: =0.0162716718327073*C14 -> 0.11093375 | Q14: =0.000727902693968077*C14 -> 0.0049625494 | R14: ='人民币汇率中间价（月初，月末）'!$D5/100 -> 0.042718 | S14: ='人民币汇率中间价（月初，月末）'!$K5/100 -> 4.9257 | T14: ='人民币汇率中间价（月初，月末）'!G5/100 -> 4.8641 | U14: =0.251051215709286*C14 -> 1.7115668 | V14: =0.591909176249707*C14 -> 4.0354
B15: 平均汇率 | C15: =+美元!IB2 -> 6.8385167 | D15: =+港币!HY2 -> 0.87309722 | E15: =+印尼盾!UG2 -> 0.00038442389 | F15: =+坦桑!LV2 -> 0.0026151115 | G15: =+墨西哥比索!KV2 -> 0.39511116 | H15: =+越南盾!LD2 -> 0.00025974805 | I15: =+俄罗斯卢布!JW2 -> 0.093484834 | J15: =+英镑!KU2 -> 9.1926833 | K15: =+泰国泰铢!JJ2 -> 0.20958429 | L15: =+'欧元 '!KQ2 -> 7.9606389 | M15: =+兹罗提!HS2 -> 1.879711 | N15: =+南非兰特!GF2 -> 0.41449918 | O15: =+新加坡!FG2 -> 5.3488167 | P15: =+菲律宾!GN2 -> 0.1112741 | Q15: =+尼日利亚!DA2 -> 0.0049777747 | R15: =+日元!IU2 -> 0.0431168 | S15: =+加元!CQ2 -> 4.9627222 | T15: =+澳元!JV2 -> 4.8992778 | U15: =+马来西亚!AY2 -> 1.7168179 | V15: =+新西兰!AG2 -> 4.0477808
B16: 46113 | C16: 美国-USD | D16: 香港-HKD | E16: 印尼-IDR | F16: 坦桑-TZS | G16: 墨西哥-MXN | H16: 越南-VND | I16: 俄罗斯-RUB | J16: 英国-GBP | K16: 泰国-THB | L16: 比利时-EUR | M16: 波兰-PLN | N16: 南非-ZAR | O16: 新加坡-SGD | P16: 菲律宾-PHP | Q16: 尼日利亚-NGN | R16: 日本-JPY | S16: 加拿大-CAD | T16: 澳大利亚-AUD | U16: 马来西亚-MYR | V16: 新西兰-NZD
B17: 期初汇率 | C17: ='人民币汇率中间价（月初，月末）'!$B8/100 -> 6.9025 | D17: ='人民币汇率中间价（月初，月末）'!$E8/100 -> 0.88065 | E17: 0.00040630752 | F17: 0.0026702128 | G17: =100/'人民币汇率中间价（月初，月末）'!$Y8 -> 0.38529706 | H17: 0.00026200418 | I17: =100/'人民币汇率中间价（月初，月末）'!$N8 -> 0.084786 | J17: ='人民币汇率中间价（月初，月末）'!$F8/100 -> 9.133 | K17: =100/'人民币汇率中间价（月初，月末）'!$Z8 -> 0.21178813 | L17: ='人民币汇率中间价（月初，月末）'!$C8/100 -> 7.9806 | M17: =100/'人民币汇率中间价（月初，月末）'!$T8 -> 1.8609498 | N17: =100/'人民币汇率中间价（月初，月末）'!$O8 -> 0.40841331 | O17: ='人民币汇率中间价（月初，月末）'!$I8/100 -> 5.3726 | P17: 0.11388103 | Q17: 0.0049859145 | R17: ='人民币汇率中间价（月初，月末）'!$D8/100 -> 0.04346 | S17: ='人民币汇率中间价（月初，月末）'!$K8/100 -> 4.9582 | T17: ='人民币汇率中间价（月初，月末）'!G8/100 -> 4.7649 | U17: 1.7114581 | V17: 3.9461383
B18: 期末汇率 | C18: ='人民币汇率中间价（月初，月末）'!$B7/100 -> 6.8628 | D18: ='人民币汇率中间价（月初，月末）'!$E7/100 -> 0.87581 | E18: =+'印尼央行汇率-7月'!O330 -> 0.00039428756 | F18: =0.00038535645472082*C18 -> 0.0026446243 | G18: =100/'人民币汇率中间价（月初，月末）'!$Y7 -> 0.3910833 | H18: =0.0000379420245864298*C18 -> 0.00026038853 | I18: =100/'人民币汇率中间价（月初，月末）'!$N7 -> 0.091435259 | J18: ='人民币汇率中间价（月初，月末）'!$F7/100 -> 9.2416 | K18: =100/'人民币汇率中间价（月初，月末）'!$Z7 -> 0.20891219 | L18: ='人民币汇率中间价（月初，月末）'!$C7/100 -> 8.0057 | M18: =100/'人民币汇率中间价（月初，月末）'!$T7 -> 1.880194 | N18: =100/'人民币汇率中间价（月初，月末）'!$O7 -> 0.40738176 | O18: ='人民币汇率中间价（月初，月末）'!$I7/100 -> 5.3518 | P18: =0.0162156026526111*C18 -> 0.11128444 | Q18: =0.000726675532109729*C18 -> 0.0049870288 | R18: ='人民币汇率中间价（月初，月末）'!$D7/100 -> 0.042812 | S18: ='人民币汇率中间价（月初，月末）'!$K7/100 -> 5.0085 | T18: ='人民币汇率中间价（月初，月末）'!G7/100 -> 4.8824 | U18: =0.252470103108942*C18 -> 1.7326518 | V18: =0.582852480037303*C18 -> 4
B19: 平均汇率 | C19: =+美元!HX2 -> 6.8683143 | D19: =港币!HU2 -> 0.87675143 | E19: =+印尼盾!UA2 -> 0.00039646238 | F19: =+坦桑!LP2 -> 0.0026467492 | G19: =+墨西哥比索!KQ2 -> 0.39287291 | H19: =+越南盾!KX2 -> 0.00026059775 | I19: =+俄罗斯卢布!JR2 -> 0.089070045 | J19: =+英镑!KP2 -> 9.213281 | K19: =+泰国泰铢!JE2 -> 0.21202013 | L19: =+'欧元 '!KL2 -> 8.0140714 | M19: =+兹罗提!HN2 -> 1.8865348 | N19: =+南非兰特!GA2 -> 0.41394971 | O19: =+新加坡!FB2 -> 5.3693857 | P19: =+菲律宾!GH2 -> 0.11137386 | Q19: =+尼日利亚!CU2 -> 0.0049910359 | R19: =+日元!IP2 -> 0.043057215 | S19: =+加元!CK2 -> 4.9777286 | T19: =+澳元!JQ2 -> 4.8557381 | U19: =+马来西亚!AS2 -> 1.734044 | V19: =+新西兰!AA2 -> 4.003214
B20: 46082 | C20: 美国-USD | D20: 香港-HKD | E20: 印尼-IDR | F20: 坦桑-TZS | G20: 墨西哥-MXN | H20: 越南-VND | I20: 俄罗斯-RUB | J20: 英国-GBP | K20: 泰国-THB | L20: 比利时-EUR | M20: 波兰-PLN | N20: 南非-ZAR | O20: 新加坡-SGD | P20: 菲律宾-PHP | Q20: 尼日利亚-NGN | R20: 日本-JPY | S20: 加拿大-CAD | T20: 澳大利亚-AUD | U20: 马来西亚-MYR | V20: 新西兰-NZD
B21: 46082 | C21: 6.9228 | D21: 0.88484 | E21: 0.00040806666 | F21: 0.0027095108 | G21: 0.40117142 | H21: 0.00026549569 | I21: 0.089053539 | J21: 9.2709 | K21: 0.22089196 | L21: 8.1208 | M21: 1.9268194 | N21: 0.43245113 | O21: 5.4488 | P21: 0.11996881 | Q21: 0.0051147774 | R21: 0.044216 | S21: 5.0266 | T21: 4.8776 | U21: 1.7732697 | V21: 4.1018
B22: 46083 | C22: ='人民币汇率中间价（月初，月末）'!$B10/100 -> 6.9236 | D22: ='人民币汇率中间价（月初，月末）'!$E10/100 -> 0.88518 | E22: ='印尼央行汇率-7月'!O301 -> 0.00040853178 | F22: =0.000391389432485631*C22 -> 0.0027098239 | G22: =100/'人民币汇率中间价（月初，月末）'!$Y10 -> 0.39899453 | H22: =0.0000383509108341314*C22 -> 0.00026552637 | I22: =100/'人民币汇率中间价（月初，月末）'!$N10 -> 0.089110675 | J22: ='人民币汇率中间价（月初，月末）'!$F10/100 -> 9.2493 | K22: =100/'人民币汇率中间价（月初，月末）'!$Z10 -> 0.22078954 | L22: ='人民币汇率中间价（月初，月末）'!$C10/100 -> 8.1135 | M22: =100/'人民币汇率中间价（月初，月末）'!$T10 -> 1.9217834 | N22: =100/'人民币汇率中间价（月初，月末）'!$O10 -> 0.42942414 | O22: ='人民币汇率中间价（月初，月末）'!$I10/100 -> 5.4378 | P22: =0.017329520838063*C22 -> 0.11998267 | Q22: =0.000738830726493669*C22 -> 0.0051153684 | R22: ='人民币汇率中间价（月初，月末）'!$D10/100 -> 0.044123 | S22: ='人民币汇率中间价（月初，月末）'!$K10/100 -> 5.0439 | T22: ='人民币汇率中间价（月初，月末）'!G10/100 -> 4.8724 | U22: =0.256149207265694*C22 -> 1.7734747 | V22: =0.592505922459121*C22 -> 4.102274
B23: 期末汇率 | C23: ='人民币汇率中间价（月初，月末）'!$B9/100 -> 6.9194 | D23: ='人民币汇率中间价（月初，月末）'!$E9/100 -> 0.88295 | E23: =+'印尼央行汇率-7月'!O311 -> 0.00040672892 | F23: =0.000386847195357504*C23 -> 0.0026767505 | G23: =100/'人民币汇率中间价（月初，月末）'!$Y9 -> 0.3814319 | H23: =0.0000379578667678839*C23 -> 0.00026264566 | I23: =100/'人民币汇率中间价（月初，月末）'!$N9 -> 0.08510421 | J23: ='人民币汇率中间价（月初，月末）'!$F9/100 -> 9.1169 | K23: =100/'人民币汇率中间价（月初，月末）'!$Z9 -> 0.21069487 | L23: ='人民币汇率中间价（月初，月末）'!$C9/100 -> 7.9302 | M23: =100/'人民币汇率中间价（月初，月末）'!$T9 -> 1.8479165 | N23: =100/'人民币汇率中间价（月初，月末）'!$O9 -> 0.40228498 | O23: ='人民币汇率中间价（月初，月末）'!$I9/100 -> 5.3575 | P23: =0.0164985192582434*C23 -> 0.11415985 | Q23: =0.000722334585378704*C23 -> 0.0049981219 | R23: ='人民币汇率中间价（月初，月末）'!$D9/100 -> 0.043296 | S23: ='人民币汇率中间价（月初，月末）'!$K9/100 -> 4.9684 | T23: ='人民币汇率中间价（月初，月末）'!G9/100 -> 4.7382 | U23: =0.247947571946103*C23 -> 1.7156484 | V23: =0.571696967945197*C23 -> 3.9558
B24: 平均汇率 | C24: =美元!HT2 -> 6.9036909 | D24: =港币!HQ2 -> 0.88215682 | E24: =印尼盾!TU2 -> 0.00040830841 | F24: =坦桑!LJ2 -> 0.0026706735 | G24: =墨西哥比索!KL2 -> 0.38856557 | H24: =越南盾!KR2 -> 0.00026204938 | I24: =俄罗斯卢布!JM2 -> 0.085816251 | J24: =英镑!KK2 -> 9.2105227 | K24: =泰国泰铢!IZ2 -> 0.21410838 | L24: ='欧元 '!KG2 -> 7.9806818 | M24: =兹罗提!HI2 -> 1.8701074 | N24: =南非兰特!FV2 -> 0.41290361 | O24: =新加坡!EW2 -> 5.3939409 | P24: =菲律宾!GB2 -> 0.11390068 | Q24: =尼日利亚!CO2 -> 0.0049867747 | R24: =日元!IK2 -> 0.043506355 | S24: =加元!CE2 -> 5.0326727 | T24: =澳元!JL2 -> 4.8449227 | U24: =马来西亚!AM2 -> 1.7117534 | V24: =新西兰!U2 -> 3.9468192
B25: 46054 | C25: 美国-USD | D25: 香港-HKD | E25: 印尼-IDR | F25: 坦桑-TZS | G25: 墨西哥-MXN | H25: 越南-VND | I25: 俄罗斯-RUB | J25: 英国-GBP | K25: 泰国-THB | L25: 比利时-EUR | M25: 波兰-PLN | N25: 南非-ZAR | O25: 新加坡-SGD | P25: 菲律宾-PHP | Q25: 尼日利亚-NGN | R25: 日本-JPY | S25: 加拿大-CAD | T25: 澳大利亚-AUD | U25: 马来西亚-MYR | V25: 新西兰-NZD
B26: 46054 | C26: 6.9678 | D26: 0.89262 | E26: 0.00041385418 | F26: 0.0027164912 | G26: 0.40451438 | H26: 0.00026799231 | I26: 0.092364248 | J26: 9.608 | K26: 0.22239025 | L26: 8.3244 | M26: 1.9809826 | N26: 0.44263456 | O26: 5.5061 | P26: 0.11810131 | Q26: 0.0050146096 | R26: 0.045464 | S26: 5.1577 | T26: 4.9019 | U26: 1.7727353 | V26: 4.2233
B27: 46055 | C27: ='人民币汇率中间价（月初，月末）'!$B12/100 -> 6.9695 | D27: ='人民币汇率中间价（月初，月末）'!$E12/100 -> 0.89249 | E27: =+'印尼央行汇率-7月'!O281 -> 0.00041371036 | F27: =0.000389863547758529*C27 -> 0.002717154 | G27: =100/'人民币汇率中间价（月初，月末）'!$Y12 -> 0.39909007 | H27: =0.0000384615384615343*C27 -> 0.00026805769 | I27: =100/'人民币汇率中间价（月初，月末）'!$N12 -> 0.091544074 | J27: ='人民币汇率中间价（月初，月末）'!$F12/100 -> 9.5385 | K27: =100/'人民币汇率中间价（月初，月末）'!$Z12 -> 0.22094565 | L27: ='人民币汇率中间价（月初，月末）'!$C12/100 -> 8.2651 | M27: =100/'人民币汇率中间价（月初，月末）'!$T12 -> 1.9620154 | N27: =100/'人民币汇率中间价（月初，月末）'!$O12 -> 0.43053343 | O27: ='人民币汇率中间价（月初，月末）'!$I12/100 -> 5.4759 | P27: =0.0169495834638366*C27 -> 0.11813012 | Q27: =0.000719683339332442*C27 -> 0.005015833 | R27: ='人民币汇率中间价（月初，月末）'!$D12/100 -> 0.044926 | S27: ='人民币汇率中间价（月初，月末）'!$K12/100 -> 5.1098 | T27: ='人民币汇率中间价（月初，月末）'!G12/100 -> 4.843 | U27: =0.254418228223419*C27 -> 1.7731678 | V27: =0.60611670828669*C27 -> 4.2243304
B28: 期末汇率 | C28: ='人民币汇率中间价（月初，月末）'!$B11/100 -> 6.9228 | D28: ='人民币汇率中间价（月初，月末）'!$E11/100 -> 0.88484 | E28: =+'印尼央行汇率-7月'!O291 -> 0.00040806666 | F28: =0.000391389432485631*C28 -> 0.0027095108 | G28: =100/'人民币汇率中间价（月初，月末）'!$Y11 -> 0.40117142 | H28: =0.0000383509108341314*C28 -> 0.00026549569 | I28: =100/'人民币汇率中间价（月初，月末）'!$N11 -> 0.089053539 | J28: ='人民币汇率中间价（月初，月末）'!$F11/100 -> 9.2709 | K28: =100/'人民币汇率中间价（月初，月末）'!$Z11 -> 0.22089196 | L28: ='人民币汇率中间价（月初，月末）'!$C11/100 -> 8.1208 | M28: =100/'人民币汇率中间价（月初，月末）'!$T11 -> 1.9268194 | N28: =100/'人民币汇率中间价（月初，月末）'!$O11 -> 0.43245113 | O28: ='人民币汇率中间价（月初，月末）'!$I11/100 -> 5.4488 | P28: =0.017329520838063*C28 -> 0.11996881 | Q28: =0.000738830726493669*C28 -> 0.0051147774 | R28: ='人民币汇率中间价（月初，月末）'!$D11/100 -> 0.044216 | S28: ='人民币汇率中间价（月初，月末）'!$K11/100 -> 5.0266 | T28: ='人民币汇率中间价（月初，月末）'!G11/100 -> 4.8776 | U28: =0.256149207265694*C28 -> 1.7732697 | V28: =0.592505922459121*C28 -> 4.1018
B29: 平均汇率 | C29: =+美元!HP2 -> 6.94615 | D29: =+港币!HM2 -> 0.88875357 | E29: =+印尼盾!TO2 -> 0.00041449755 | F29: =+坦桑!LD2 -> 0.0027186497 | G29: =+墨西哥比索!KG2 -> 0.40178623 | H29: =+越南盾!KL2 -> 0.00026639118 | I29: =+俄罗斯卢布!JH2 -> 0.090005471 | J29: =+英镑!KF2 -> 9.4255714 | K29: =+泰国泰铢!IU2 -> 0.22109848 | L29: =+'欧元 '!KB2 -> 8.2003286 | M29: =+兹罗提!HD2 -> 1.9455091 | N29: =+南非兰特!FQ2 -> 0.43336676 | O29: =+新加坡!ER2 -> 5.4691857 | P29: =+菲律宾!FV2 -> 0.12037345 | Q29: =+尼日利亚!CI2 -> 0.0051320291 | R29: =+日元!IF2 -> 0.044610239 | S29: =+加元!BY2 -> 5.0785929 | T29: =+澳元!JG2 -> 4.8785 | U29: =+马来西亚!AG2 -> 1.7792508 | V29: =+新西兰!O2 -> 4.115635
B30: 46023 | C30: 美国-USD | D30: 香港-HKD | E30: 印尼-IDR | F30: 坦桑-TZS | G30: 墨西哥-MXN | H30: 越南-VND | I30: 俄罗斯-RUB | J30: 英国-GBP | K30: 泰国-THB | L30: 比利时-EUR | M30: 波兰-PLN | N30: 南非-ZAR | O30: 新加坡-SGD | P30: 菲律宾-PHP | Q30: 尼日利亚-NGN | R30: 日本-JPY | S30: 加拿大-CAD | T30: 澳大利亚-AUD | U30: 马来西亚-MYR | V30: 新西兰-NZD
B31: 期初汇率 | C31: ='人民币汇率中间价（月初，月末）'!$B14/100 -> 7.023 | D31: ='人民币汇率中间价（月初，月末）'!$E14/100 -> 0.90141 | E31: =+'印尼央行汇率-7月'!O262 -> 0.0004181581 | F31: =0.000404858299594806*C31 -> 0.0028433198 | G31: =100/'人民币汇率中间价（月初，月末）'!$Y14 -> 0.39128223 | H31: =0.0000380734818199161*C31 -> 0.00026739006 | I31: =100/'人民币汇率中间价（月初，月末）'!$N14 -> 0.087014027 | J31: ='人民币汇率中间价（月初，月末）'!$F14/100 -> 9.4168 | K31: =100/'人民币汇率中间价（月初，月末）'!$Z14 -> 0.22218272 | L31: ='人民币汇率中间价（月初，月末）'!$C14/100 -> 8.2027 | M31: =100/'人民币汇率中间价（月初，月末）'!$T14 -> 1.9481025 | N31: =100/'人民币汇率中间价（月初，月末）'!$O14 -> 0.42482688 | O31: ='人民币汇率中间价（月初，月末）'!$I14/100 -> 5.4428 | P31: =0.0170014536249532*C31 -> 0.11940121 | Q31: =0.000687365534116197*C31 -> 0.0048273681 | R31: ='人民币汇率中间价（月初，月末）'!$D14/100 -> 0.04466 | S31: ='人民币汇率中间价（月初，月末）'!$K14/100 -> 5.0945 | T31: ='人民币汇率中间价（月初，月末）'!G14/100 -> 4.6817 | U31: =0.246405022669518*C31 -> 1.7305025 | V31: =0.576485317550649*C31 -> 4.0486564
B32: 期末汇率 | C32: ='人民币汇率中间价（月初，月末）'!$B13/100 -> 6.9678 | D32: ='人民币汇率中间价（月初，月末）'!$E13/100 -> 0.89262 | E32: =+'印尼央行汇率-7月'!O271 -> 0.00041385418 | F32: =0.000389863547758529*C32 -> 0.0027164912 | G32: =100/'人民币汇率中间价（月初，月末）'!$Y13 -> 0.40451438 | H32: =0.0000384615384615343*C32 -> 0.00026799231 | I32: =100/'人民币汇率中间价（月初，月末）'!$N13 -> 0.092364248 | J32: ='人民币汇率中间价（月初，月末）'!$F13/100 -> 9.608 | K32: =100/'人民币汇率中间价（月初，月末）'!$Z13 -> 0.22239025 | L32: ='人民币汇率中间价（月初，月末）'!$C13/100 -> 8.3244 | M32: =100/'人民币汇率中间价（月初，月末）'!$T13 -> 1.9809826 | N32: =100/'人民币汇率中间价（月初，月末）'!$O13 -> 0.44263456 | O32: ='人民币汇率中间价（月初，月末）'!$I13/100 -> 5.5061 | P32: =0.0169495834638366*C32 -> 0.11810131 | Q32: =0.000719683339332442*C32 -> 0.0050146096 | R32: ='人民币汇率中间价（月初，月末）'!$D13/100 -> 0.045464 | S32: ='人民币汇率中间价（月初，月末）'!$K13/100 -> 5.1577 | T32: ='人民币汇率中间价（月初，月末）'!G13/100 -> 4.9019 | U32: =0.254418228223419*C32 -> 1.7727353 | V32: =0.60611670828669*C32 -> 4.2233
B33: 平均汇率 | C33: =+美元!HL2 -> 7.00156 | D33: =港币!HI2 -> 0.898127 | E33: =印尼盾!TI2 -> 0.00041710711 | F33: =坦桑!KX2 -> 0.002729653 | G33: =墨西哥比索!KB2 -> 0.39574338 | H33: =越南盾!KF2 -> 0.00026929077 | I33: =俄罗斯卢布!JC2 -> 0.089235679 | J33: =英镑!KA2 -> 9.434105 | K33: =泰国泰铢!IP2 -> 0.22304899 | L33: ='欧元 '!JW2 -> 8.192485 | M33: =兹罗提!GY2 -> 1.9453115 | N33: =南非兰特!FL2 -> 0.42929694 | O33: =新加坡!EM2 -> 5.45299 | P33: =菲律宾!FP2 -> 0.11867353 | Q33: =尼日利亚!CC2 -> 0.0050389061 | R33: =日元!IA2 -> 0.044531733 | S33: =加元!BS2 -> 5.058775 | T33: =澳元!JB2 -> 4.729165 | U33: =马来西亚!AA2 -> 1.7813245 | V33: =新西兰!I2 -> 4.2437625
B34: 45992 | C34: 美国-USD | D34: 香港-HKD | E34: 印尼-IDR | F34: 坦桑-TZS | G34: 墨西哥-MXN | H34: 越南-VND | I34: 俄罗斯-RUB | J34: 英国-GBP | K34: 泰国-THB | L34: 比利时-EUR | M34: 波兰-PLN | N34: 南非-ZAR | O34: 新加坡-SGD | P34: 菲律宾-PHP | Q34: 尼日利亚-NGN | R34: 日本-JPY | S34: 加拿大-CAD | T34: 澳大利亚-AUD | U34: 马来西亚-MYR | V34: 新西兰-NZD
B35: 期初汇率 | C35: ='人民币汇率中间价（月初，月末）'!$B16/100 -> 7.0759 | D35: ='人民币汇率中间价（月初，月末）'!$E16/100 -> 0.90877 | E35: =+'印尼央行汇率-7月'!O242 -> 0.00042482147 | F35: =0.000406091370558754*C35 -> 0.0028734619 | G35: =100/'人民币汇率中间价（月初，月末）'!$Y16 -> 0.38678734 | H35: =0.0000379139731948208*C35 -> 0.00026827548 | I35: =100/'人民币汇率中间价（月初，月末）'!$N16 -> 0.091256696 | J35: ='人民币汇率中间价（月初，月末）'!$F16/100 -> 9.3616 | K35: =100/'人民币汇率中间价（月初，月末）'!$Z16 -> 0.22010917 | L35: ='人民币汇率中间价（月初，月末）'!$C16/100 -> 8.2052 | M35: =100/'人民币汇率中间价（月初，月末）'!$T16 -> 1.9374588 | N35: =100/'人民币汇率中间价（月初，月末）'!$O16 -> 0.41324022 | O35: ='人民币汇率中间价（月初，月末）'!$I16/100 -> 5.4569 | P35: =0.0170169318477886*C35 -> 0.12041011 | Q35: =0.000691412313360252*C35 -> 0.0048923644 | R35: ='人民币汇率中间价（月初，月末）'!$D16/100 -> 0.045331 | S35: ='人民币汇率中间价（月初，月末）'!$K16/100 -> 5.0621 | T35: ='人民币汇率中间价（月初，月末）'!G16/100 -> 4.6302 | U35: =0.24212410151402*C35 -> 1.7132459 | V35: =0.572588961561825*C35 -> 4.0515822
B36: 期末汇率 | C36: ='人民币汇率中间价（月初，月末）'!$B15/100 -> 7.0288 | D36: ='人民币汇率中间价（月初，月末）'!$E15/100 -> 0.90322 | E36: =+'印尼央行汇率-7月'!O253 -> 0.00041655038 | F36: =0.000404858299594806*C36 -> 0.002845668 | G36: =100/'人民币汇率中间价（月初，月末）'!$Y15 -> 0.38987875 | H36: =0.0000380734818199161*C36 -> 0.00026761089 | I36: =100/'人民币汇率中间价（月初，月末）'!$N15 -> 0.088052973 | J36: ='人民币汇率中间价（月初，月末）'!$F15/100 -> 9.4346 | K36: =100/'人民币汇率中间价（月初，月末）'!$Z15 -> 0.22251891 | L36: ='人民币汇率中间价（月初，月末）'!$C15/100 -> 8.2355 | M36: =100/'人民币汇率中间价（月初，月末）'!$T15 -> 1.9497358 | N36: =100/'人民币汇率中间价（月初，月末）'!$O15 -> 0.42244001 | O36: ='人民币汇率中间价（月初，月末）'!$I15/100 -> 5.4586 | P36: =0.0170014536249532*C36 -> 0.11949982 | Q36: =0.000687365534116197*C36 -> 0.0048313549 | R36: ='人民币汇率中间价（月初，月末）'!$D15/100 -> 0.044797 | S36: ='人民币汇率中间价（月初，月末）'!$K15/100 -> 5.1142 | T36: ='人民币汇率中间价（月初，月末）'!G15/100 -> 4.6892 | U36: =0.246405022669518*C36 -> 1.7319316 | V36: =0.576485317550649*C36 -> 4.052
B37: 平均汇率 | C37: =+美元!HH2 -> 7.0593478 | D37: =+港币!HE2 -> 0.90731696 | E37: =+印尼盾!TC2 -> 0.00042064997 | F37: =+坦桑!KR2 -> 0.0028580356 | G37: =+墨西哥比索!JW2 -> 0.39005066 | H37: =+越南盾!JZ2 -> 0.00026877395 | I37: =+俄罗斯卢布!IX2 -> 0.089839469 | J37: =+英镑!JV2 -> 9.4345348 | K37: =+泰国泰铢!IK2 -> 0.22313091 | L37: =+'欧元 '!JR2 -> 8.256787 | M37: =+兹罗提!GT2 -> 1.9553683 | N37: =+南非兰特!FG2 -> 0.41854329 | O37: =+新加坡!EH2 -> 5.4619522 | P37: =+菲律宾!FJ2 -> 0.12001917 | Q37: =+尼日利亚!BW2 -> 0.0048523524 | R37: =+日元!HV2 -> 0.04521643 | S37: =+加元!BM2 -> 5.1073435 | T37: =+澳元!IW2 -> 4.6802783 | U37: =+马来西亚!U2 -> 1.7394588 | V37: =+新西兰!C2 -> 4.0696104
B38: 45986 | C38: 美国-USD | D38: 香港-HKD | E38: 印尼-IDR | F38: 坦桑-TZS | G38: 墨西哥-MXN | H38: 越南-VND | I38: 俄罗斯-RUB | J38: 英国-GBP | K38: 泰国-THB | L38: 比利时-EUR | M38: 波兰-PLN | N38: 南非-ZAR | O38: 新加坡-SGD | P38: 菲律宾-PHP | Q38: 尼日利亚-NGN | R38: 日本-JPY | S38: 加拿大-CAD | T38: 澳大利亚-AUD | U38: 马来西亚-MYR
B39: 期初汇率 | C39: ='人民币汇率中间价（月初，月末）'!$B18/100 -> 7.0867 | D39: ='人民币汇率中间价（月初，月末）'!$E18/100 -> 0.91175 | E39: =+'印尼央行汇率-7月'!O224 -> 0.00042788803 | F39: =0.000406504065040592*C39 -> 0.0028807724 | G39: =100/'人民币汇率中间价（月初，月末）'!$Y18 -> 0.38235069 | H39: =0.0000379794910748178*C39 -> 0.00026914926 | I39: =100/'人民币汇率中间价（月初，月末）'!$N18 -> 0.088394664 | J39: ='人民币汇率中间价（月初，月末）'!$F18/100 -> 9.3264 | K39: =100/'人民币汇率中间价（月初，月末）'!$Z18 -> 0.21923094 | L39: ='人民币汇率中间价（月初，月末）'!$C18/100 -> 8.1845 | M39: =100/'人民币汇率中间价（月初，月末）'!$T18 -> 1.9242981 | N39: =100/'人民币汇率中间价（月初，月末）'!$O18 -> 0.40983607 | O39: ='人民币汇率中间价（月初，月末）'!$I18/100 -> 5.4545 | P39: =0.0169848495133702*C39 -> 0.12036653 | Q39: =0.000692053495733688*C39 -> 0.0049043755 | R39: ='人民币汇率中间价（月初，月末）'!$D18/100 -> 0.046083 | S39: ='人民币汇率中间价（月初，月末）'!$K18/100 -> 5.0655 | T39: ='人民币汇率中间价（月初，月末）'!G18/100 -> 4.6486 | U39: =0.23865942898536*C39 -> 1.6913078
B40: 期末汇率 | C40: ='人民币汇率中间价（月初，月末）'!$B17/100 -> 7.0789 | D40: ='人民币汇率中间价（月初，月末）'!$E17/100 -> 0.9099 | E40: =+'印尼央行汇率-7月'!O233 -> 0.00042544321 | F40: =0.000406091370558754*C40 -> 0.0028746802 | G40: =100/'人民币汇率中间价（月初，月末）'!$Y17 -> 0.38583224 | H40: =0.0000379139731948208*C40 -> 0.00026838922 | I40: =100/'人民币汇率中间价（月初，月末）'!$N17 -> 0.090797657 | J40: ='人民币汇率中间价（月初，月末）'!$F17/100 -> 9.3697 | K40: =100/'人民币汇率中间价（月初，月末）'!$Z17 -> 0.2196547 | L40: ='人民币汇率中间价（月初，月末）'!$C17/100 -> 8.2078 | M40: =100/'人民币汇率中间价（月初，月末）'!$T17 -> 1.9417476 | N40: =100/'人民币汇率中间价（月初，月末）'!$O17 -> 0.41262637 | O40: ='人民币汇率中间价（月初，月末）'!$I17/100 -> 5.4589 | P40: =0.0170169318477886*C40 -> 0.12046116 | Q40: =0.000691412313360252*C40 -> 0.0048944386 | R40: ='人民币汇率中间价（月初，月末）'!$D17/100 -> 0.045293 | S40: ='人民币汇率中间价（月初，月末）'!$K17/100 -> 5.046 | T40: ='人民币汇率中间价（月初，月末）'!G17/100 -> 4.6243 | U40: =0.24212410151402*C40 -> 1.7139723
B41: 平均汇率 | C41: =+美元!HD2 -> 7.0848 | D41: =+港币!HA2 -> 0.9110195 | E41: =+印尼盾!SW2 -> 0.00042566691 | F41: =+坦桑!KL2 -> 0.0028770761 | G41: =+墨西哥比索!JR2 -> 0.38481964 | H41: =+越南盾!JT2 -> 0.00026861292 | I41: =+俄罗斯卢布!IS2 -> 0.088470091 | J41: =+英镑!JQ2 -> 9.316305 | K41: =+泰国泰铢!IE2 -> 0.21919274 | L41: =+'欧元 '!JM2 -> 8.195975 | M41: =+兹罗提!GO2 -> 1.9344923 | N41: =+南非兰特!FB2 -> 0.41139735 | O41: =+新加坡!EC2 -> 5.444525 | P41: =+菲律宾!FD2 -> 0.12056156 | Q41: =+尼日利亚!BQ2 -> 0.004898518 | R41: =+日元!HQ2 -> 0.045739964 | S41: =+加元!BG2 -> 5.047475 | T41: =+澳元!IR2 -> 4.615185 | U41: =+马来西亚!O2 -> 1.7154008
B42: 45931 | C42: 美国-USD | D42: 香港-HKD | E42: 印尼-IDR | F42: 坦桑-TZS | G42: 墨西哥-MXN | H42: 越南-VND | I42: 俄罗斯-RUB | J42: 英国-GBP | K42: 泰国-THB | L42: 比利时-EUR | M42: 波兰-PLN | N42: 南非-ZAR | O42: 新加坡-SGD | P42: 菲律宾-PHP | Q42: 尼日利亚-NGN | R42: 日本-JPY | S42: 加拿大-CAD | T42: 澳大利亚-AUD | U42: 马来西亚-MYR
B43: 期初汇率 | C43: ='人民币汇率中间价（月初，月末）'!$B20/100 -> 7.1102 | D43: ='人民币汇率中间价（月初，月末）'!$E20/100 -> 0.91377 | E43: 0.00042873373 | F43: =0.000407331975560629*C43 -> 0.0028962118 | G43: =100/'人民币汇率中间价（月初，月末）'!$Y20 -> 0.38825905 | H43: =C43*0.0000378486809734709 -> 0.00026911169 | I43: =100/'人民币汇率中间价（月初，月末）'!$N20 -> 0.087551108 | J43: ='人民币汇率中间价（月初，月末）'!$F20/100 -> 9.5477 | K43: =100/'人民币汇率中间价（月初，月末）'!$Z20 -> 0.2189813 | L43: ='人民币汇率中间价（月初，月末）'!$C20/100 -> 8.2825 | M43: =100/'人民币汇率中间价（月初，月末）'!$T20 -> 1.9465478 | N43: =100/'人民币汇率中间价（月初，月末）'!$O20 -> 0.41529964 | O43: ='人民币汇率中间价（月初，月末）'!$I20/100 -> 5.4972 | P43: =C43*0.0172251935680433 -> 0.12247457 | Q43: =C43*0.000673715981554038 -> 0.0047902554 | R43: ='人民币汇率中间价（月初，月末）'!$D20/100 -> 0.046648 | S43: ='人民币汇率中间价（月初，月末）'!$K20/100 -> 5.1067 | T43: ='人民币汇率中间价（月初，月末）'!G20/100 -> 4.6927 | U43: =C43*0.237545234343398 -> 1.6889941
B44: 期末汇率 | C44: ='人民币汇率中间价（月初，月末）'!$B19/100 -> 7.088 | D44: ='人民币汇率中间价（月初，月末）'!$E19/100 -> 0.91227 | E44: =+'印尼央行汇率-7月'!O215 -> 0.00042716605 | F44: =0.000406504065040592*C44 -> 0.0028813008 | G44: =100/'人民币汇率中间价（月初，月末）'!$Y19 -> 0.38296569 | H44: =0.0000379794910748178*C44 -> 0.00026919863 | I44: =100/'人民币汇率中间价（月初，月末）'!$N19 -> 0.088775257 | J44: ='人民币汇率中间价（月初，月末）'!$F19/100 -> 9.3414 | K44: =100/'人民币汇率中间价（月初，月末）'!$Z19 -> 0.21985753 | L44: ='人民币汇率中间价（月初，月末）'!$C19/100 -> 8.2138 | M44: =100/'人民币汇率中间价（月初，月末）'!$T19 -> 1.9358461 | N44: =100/'人民币汇率中间价（月初，月末）'!$O19 -> 0.41066075 | O44: ='人民币汇率中间价（月初，月末）'!$I19/100 -> 5.4615 | P44: =0.0169848495133702*C44 -> 0.12038861 | Q44: =0.000692053495733688*C44 -> 0.0049052752 | R44: ='人民币汇率中间价（月初，月末）'!$D19/100 -> 0.046103 | S44: ='人民币汇率中间价（月初，月末）'!$K19/100 -> 5.079 | T44: ='人民币汇率中间价（月初，月末）'!G19/100 -> 4.6561 | U44: =0.23865942898536*C44 -> 1.691618
B45: 平均汇率 | C45: =+美元!GZ2 -> 7.0948059 | D45: =+港币!GW2 -> 0.91279588 | E45: =+印尼盾!SQ2 -> 0.00042637055 | F45: =+坦桑!KF2 -> 0.0028840674 | G45: =墨西哥比索!JM2 -> 0.38530754 | H45: =越南盾!JN2 -> 0.00026945712 | I45: =俄罗斯卢布!IN2 -> 0.088421331 | J45: =英镑!JL2 -> 9.4760765 | K45: =泰国泰铢!HZ2 -> 0.21812574 | L45: ='欧元 '!JH2 -> 8.2558412 | M45: =兹罗提!GJ2 -> 1.9450133 | N45: =南非兰特!EW2 -> 0.41084336 | O45: =新加坡!DX2 -> 5.4796235 | P45: =菲律宾!EX2 -> 0.12050421 | Q45: =尼日利亚!BK2 -> 0.0049099852 | R45: =日元!HL2 -> 0.046737393 | S45: =加元!BA2 -> 5.0751118 | T45: =澳元!IM2 -> 4.6383412 | U45: =马来西亚!I2 -> 1.6932423
B46: 45901 | C46: 美国-USD | D46: 香港-HKD | E46: 印尼-IDR | F46: 坦桑-TZS | G46: 墨西哥-MXN | H46: 越南-VND | I46: 俄罗斯-RUB | J46: 英国-GBP | K46: 泰国-THB | L46: 比利时-EUR | M46: 波兰-PLN | N46: 南非-ZAR | O46: 新加坡-SGD | P46: 菲律宾-PHP | Q46: 尼日利亚-NGN | R46: 日本-JPY | S46: 加拿大-CAD | T46: 澳大利亚-AUD | U46: 马来西亚-MYR
B47: 期初汇率 | C47: ='人民币汇率中间价（月初，月末）'!$B22/100 -> 7.1072 | D47: ='人民币汇率中间价（月初，月末）'!$E22/100 -> 0.91174 | E47: 0.00043313857 | F47: =C47*0.000398803589232621 -> 0.0028343769 | G47: =100/'人民币汇率中间价（月初，月末）'!$Y22 -> 0.38099592 | H47: =C47*0.0000379146919431273 -> 0.0002694673 | I47: =100/'人民币汇率中间价（月初，月末）'!$N22 -> 0.089032924 | J47: ='人民币汇率中间价（月初，月末）'!$F22/100 -> 9.6061 | K47: =100/'人民币汇率中间价（月初，月末）'!$Z22 -> 0.22030799 | L47: ='人民币汇率中间价（月初，月末）'!$C22/100 -> 8.3129 | M47: =100/'人民币汇率中间价（月初，月末）'!$T22 -> 1.9508769 | N47: =100/'人民币汇率中间价（月初，月末）'!$O22 -> 0.40294959 | O47: ='人民币汇率中间价（月初，月末）'!$I22/100 -> 5.541 | P47: =C47*0.0175675913070562 -> 0.12485638 | Q47: =C47*0.000651941481733358 -> 0.0046334785 | R47: ='人民币汇率中间价（月初，月末）'!$D22/100 -> 0.04834 | S47: ='人民币汇率中间价（月初，月末）'!$K22/100 -> 5.1774 | T47: ='人民币汇率中间价（月初，月末）'!G22/100 -> 4.6542 | U47: =0.237817502924448*C47 -> 1.6902166
B48: 期末汇率 | C48: ='人民币汇率中间价（月初，月末）'!$B21/100 -> 7.1055 | D48: ='人民币汇率中间价（月初，月末）'!$E21/100 -> 0.91298 | E48: 0.00042671947 | F48: =0.000407331975560629*C48 -> 0.0028942974 | G48: =100/'人民币汇率中间价（月初，月末）'!$Y21 -> 0.38726667 | H48: =C48*0.0000378486809734709 -> 0.0002689338 | I48: =100/'人民币汇率中间价（月初，月末）'!$N21 -> 0.085761822 | J48: ='人民币汇率中间价（月初，月末）'!$F21/100 -> 9.5514 | K48: =100/'人民币汇率中间价（月初，月末）'!$Z21 -> 0.22073106 | L48: ='人民币汇率中间价（月初，月末）'!$C21/100 -> 8.3351 | M48: =100/'人民币汇率中间价（月初，月末）'!$T21 -> 1.9542701 | N48: =100/'人民币汇率中间价（月初，月末）'!$O21 -> 0.41167511 | O48: ='人民币汇率中间价（月初，月末）'!$I21/100 -> 5.5131 | P48: =C48*0.0172251935680433 -> 0.12239361 | Q48: =C48*0.000673715981554038 -> 0.0047870889 | R48: ='人民币汇率中间价（月初，月末）'!$D21/100 -> 0.047858 | S48: ='人民币汇率中间价（月初，月末）'!$K21/100 -> 5.1094 | T48: ='人民币汇率中间价（月初，月末）'!G21/100 -> 4.6761 | U48: =C48*0.237545234343398 -> 1.6878777
B49: 平均汇率 | C49: =美元!GV2 -> 7.1068182 | D49: =港币!GS2 -> 0.91280818 | E49: =印尼盾!SK2 -> 0.00042606824 | F49: =坦桑!JZ2 -> 0.0028948343 | G49: =墨西哥比索!JH2 -> 0.38428954 | H49: =越南盾!JH2 -> 0.00026898369 | I49: =俄罗斯卢布!II2 -> 0.085965573 | J49: =英镑!JG2 -> 9.6056318 | K49: =泰国泰铢!HU2 -> 0.22250496 | L49: ='欧元 '!JC2 -> 8.3431318 | M49: =兹罗提!GE2 -> 1.959759 | N49: =南非兰特!ER2 -> 0.40740062 | O49: =新加坡!DS2 -> 5.5366727 | P49: =菲律宾!ER2 -> 0.12241632 | Q49: =尼日利亚!BE2 -> 0.004787977 | R49: =日元!HG2 -> 0.048108982 | S49: =加元!AQ2 -> 5.14535 | T49: =澳元!IH2 -> 4.6881091 | U49: =马来西亚!C2 -> 1.6881908
B50: 45870 | C50: 美国-USD | D50: 香港-HKD | E50: 印尼-IDR | F50: 坦桑-TZS | G50: 墨西哥-MXN | H50: 越南-VND | I50: 俄罗斯-RUB | J50: 英国-GBP | K50: 泰国-THB | L50: 比利时-EUR | M50: 波兰-PLN | N50: 南非-ZAR | O50: 新加坡-SGD | P50: 菲律宾-PHP | Q50: 尼日利亚-NGN | R50: 日本-JPY | S50: 加拿大-CAD | T50: 澳大利亚-AUD | U50: 马来西亚-MYR
B51: 期初汇率 | C51: ='人民币汇率中间价（月初，月末）'!$B24/100 -> 7.1496 | D51: ='人民币汇率中间价（月初，月末）'!$E24/100 -> 0.91079 | E51: 0.00043697126 | F51: =C51*0.000389105058365833 -> 0.0027819455 | G51: =100/'人民币汇率中间价（月初，月末）'!$Y24 -> 0.37973722 | H51: =C51*0.0000381279191688141 -> 0.00027259937 | I51: =100/'人民币汇率中间价（月初，月末）'!$N24 -> 0.088801272 | J51: ='人民币汇率中间价（月初，月末）'!$F24/100 -> 9.4701 | K51: =100/'人民币汇率中间价（月初，月末）'!$Z24 -> 0.2194956 | L51: ='人民币汇率中间价（月初，月末）'!$C24/100 -> 8.1885 | M51: =100/'人民币汇率中间价（月初，月末）'!$T24 -> 1.915452 | N51: =100/'人民币汇率中间价（月初，月末）'!$O24 -> 0.39340651 | O51: ='人民币汇率中间价（月初，月末）'!$I24/100 -> 5.5248 | P51: =C51*0.0172650443272543 -> 0.12343816 | Q51: =C51*0.00065344529029427 -> 0.0046718724 | R51: ='人民币汇率中间价（月初，月末）'!$D24/100 -> 0.047574 | S51: ='人民币汇率中间价（月初，月末）'!$K24/100 -> 5.1757 | T51: ='人民币汇率中间价（月初，月末）'!G24/100 -> 4.6121 | U51: =0.236329944006654*C51 -> 1.6896646
B52: 期末汇率 | C52: ='人民币汇率中间价（月初，月末）'!$B23/100 -> 7.103 | D52: ='人民币汇率中间价（月初，月末）'!$E23/100 -> 0.91157 | E52: 0.00043645442 | F52: =C52*0.000398803589232621 -> 0.0028327019 | G52: =100/'人民币汇率中间价（月初，月末）'!$Y23 -> 0.38117019 | H52: =C52*0.0000379146919431273 -> 0.00026930806 | I52: =100/'人民币汇率中间价（月初，月末）'!$N23 -> 0.088439225 | J52: ='人民币汇率中间价（月初，月末）'!$F23/100 -> 9.6043 | K52: =100/'人民币汇率中间价（月初，月末）'!$Z23 -> 0.22046341 | L52: ='人民币汇率中间价（月初，月末）'!$C23/100 -> 8.3008 | M52: =100/'人民币汇率中间价（月初，月末）'!$T23 -> 1.9484442 | N52: =100/'人民币汇率中间价（月初，月末）'!$O23 -> 0.40196157 | O52: ='人民币汇率中间价（月初，月末）'!$I23/100 -> 5.5453 | P52: =C52*0.0175675913070562 -> 0.1247826 | Q52: =C52*0.000651941481733358 -> 0.0046307403 | R52: ='人民币汇率中间价（月初，月末）'!$D23/100 -> 0.048428 | S52: ='人民币汇率中间价（月初，月末）'!$K23/100 -> 5.1721 | T52: ='人民币汇率中间价（月初，月末）'!G23/100 -> 4.6432
B53: 平均汇率 | C53: =美元!GR2 -> 7.1309381 | D53: =港币!GO2 -> 0.91088238 | E53: =印尼盾!SE2 -> 0.00043598301 | F53: =坦桑!JT2 -> 0.0028438437 | G53: =墨西哥比索!JC2 -> 0.381746 | H53: =越南盾!JB2 -> 0.00027036732 | I53: =俄罗斯卢布!ID2 -> 0.089485916 | J53: =英镑!JB2 -> 9.6053429 | K53: =泰国泰铢!HP2 -> 0.22069998 | L53: ='欧元 '!IX2 -> 8.3122143 | M53: =兹罗提!FZ2 -> 1.952297 | N53: =南非兰特!EM2 -> 0.40312518 | O53: =新加坡!DN2 -> 5.5591476 | P53: =菲律宾!EL2 -> 0.12527341 | Q53: =尼日利亚!AY2 -> 0.0046489543 | R53: =日元!HB2 -> 0.048433946 | S53: =加元!AL2 -> 5.1785286 | T53: =澳元!IC2 -> 4.6377381
A54: FY 2025 | B54: 45839 | C54: 美国-USD | D54: 香港-HKD | E54: 印尼-IDR | F54: 坦桑-TZS | G54: 墨西哥-MXN | H54: 越南-VND | I54: 俄罗斯-RUB | J54: 英国-GBP | K54: 泰国-THB | L54: 比利时-EUR | M54: 波兰-PLN | N54: 南非-ZAR | O54: 新加坡-SGD | P54: 菲律宾-PHP | Q54: 尼日利亚-NGN | R54: 日本-JPY | S54: 加拿大-CAD | T54: 澳大利亚-AUD | U54: 马来西亚-MYR
B55: 期初汇率 | C55: ='人民币汇率中间价（月初，月末）'!$B26/100 -> 7.1534 | D55: ='人民币汇率中间价（月初，月末）'!$E26/100 -> 0.91126 | E55: 0.00044146407 | F55: =C55*0.000379506641365931 -> 0.0027147628 | G55: =100/'人民币汇率中间价（月初，月末）'!$Y26 -> 0.38138825 | H55: =C55*0.0000383215175320905 -> 0.00027412914 | I55: =100/'人民币汇率中间价（月初，月末）'!$N26 -> 0.091456165 | J55: ='人民币汇率中间价（月初，月末）'!$F26/100 -> 9.8197 | K55: =100/'人民币汇率中间价（月初，月末）'!$Z26 -> 0.22055094 | L55: ='人民币汇率中间价（月初，月末）'!$C26/100 -> 8.4305 | M55: =100/'人民币汇率中间价（月初，月末）'!$T26 -> 1.987005 | N55: =100/'人民币汇率中间价（月初，月末）'!$O26 -> 0.40366528 | O55: ='人民币汇率中间价（月初，月末）'!$I26/100 -> 5.6287 | P55: =C55*0.0176937912492303 -> 0.12657077 | Q55: =C55*0.000648718780407753 -> 0.0046405449 | R55: ='人民币汇率中间价（月初，月末）'!$D26/100 -> 0.049738 | S55: ='人民币汇率中间价（月初，月末）'!$K26/100 -> 5.2557 | T55: =+'人民币汇率中间价（月初，月末）'!G26/100 -> 4.7036 | U55: =0.236782355703218*C55 -> 1.6937989
B56: 期末汇率 | C56: ='人民币汇率中间价（月初，月末）'!$B25/100 -> 7.1494 | D56: ='人民币汇率中间价（月初，月末）'!$E25/100 -> 0.91079 | E56: 0.00043809691 | F56: =C56*0.000389105058365833 -> 0.0027818677 | G56: =100/'人民币汇率中间价（月初，月末）'!$Y25 -> 0.3800114 | H56: =C56*0.0000381279191688141 -> 0.00027259175 | I56: =100/'人民币汇率中间价（月初，月末）'!$N25 -> 0.088777621 | J56: ='人民币汇率中间价（月初，月末）'!$F25/100 -> 9.5013 | K56: =100/'人民币汇率中间价（月初，月末）'!$Z25 -> 0.21979471 | L56: ='人民币汇率中间价（月初，月末）'!$C25/100 -> 8.192 | M56: =100/'人民币汇率中间价（月初，月末）'!$T25 -> 1.9174352 | N56: =100/'人民币汇率中间价（月初，月末）'!$O25 -> 0.39831116 | O56: ='人民币汇率中间价（月初，月末）'!$I25/100 -> 5.5306 | P56: =C56*0.0172650443272543 -> 0.12343471 | Q56: =C56*0.00065344529029427 -> 0.0046717418 | R56: ='人民币汇率中间价（月初，月末）'!$D25/100 -> 0.048007 | S56: ='人民币汇率中间价（月初，月末）'!$K25/100 -> 5.1863 | T56: =+'人民币汇率中间价（月初，月末）'!G25/100 -> 4.6238
B57: 平均汇率 | C57: 7.1490913 | D57: 0.91075783 | E57: 0.00043626602 | F57: 0.0027817476 | G57: 0.38298992 | H57: 0.00027257998 | I57: 0.090945721 | J57: 9.6757435 | K57: 0.22086269 | L57: 8.3686652 | M57: 1.9677865 | N57: 0.40335946 | O57: 5.590687 | P57: 0.12342938 | Q57: 0.00467154 | R57: 0.048786466 | S57: 5.2351043 | T57: 4.6853478
A58: FY 2025 | B58: 45809 | C58: 美国-USD | D58: 香港-HKD | E58: 印尼-IDR | F58: 坦桑-TZS | G58: 墨西哥-MXN | H58: 越南-VND | I58: 俄罗斯-RUB | J58: 英国-GBP | K58: 泰国-THB | L58: 比利时-EUR | M58: 波兰-PLN | N58: 南非-ZAR | O58: 新加坡-SGD | P58: 菲律宾-PHP | Q58: 尼日利亚-NGN | R58: 日本-JPY | S58: 加拿大-CAD | T58: 澳大利亚-AUD | U58: 马来西亚-MYR
B59: 期初汇率 | C59: ='人民币汇率中间价（月初，月末）'!$B28/100 -> 7.1869 | D59: ='人民币汇率中间价（月初，月末）'!$E28/100 -> 0.91617 | E59: 0.00044178392 | F59: =C59*0.000372786579683063 -> 0.0026791799 | G59: =100/'人民币汇率中间价（月初，月末）'!$Y28 -> 0.37372001 | H59: =C59*0.0000384763370527111 -> 0.00027652559 | I59: =100/'人民币汇率中间价（月初，月末）'!$N28 -> 0.090774579 | J59: ='人民币汇率中间价（月初，月末）'!$F28/100 -> 9.725 | K59: =100/'人民币汇率中间价（月初，月末）'!$Z28 -> 0.22074081 | L59: ='人民币汇率中间价（月初，月末）'!$C28/100 -> 8.2169 | M59: =100/'人民币汇率中间价（月初，月末）'!$T28 -> 1.930912 | N59: =100/'人民币汇率中间价（月初，月末）'!$O28 -> 0.40197773 | O59: ='人民币汇率中间价（月初，月末）'!$I28/100 -> 5.586 | P59: =C59*0.0180001800021116 -> 0.12936549 | Q59: =C59*0.000628709385372867 -> 0.0045184715 | R59: ='人民币汇率中间价（月初，月末）'!$D28/100 -> 0.050352 | S59: ='人民币汇率中间价（月初，月末）'!$K28/100 -> 5.2319 | T59: =+'人民币汇率中间价（月初，月末）'!G28/100 -> 4.6592 | U59: =0.23570316523895*C59 -> 1.6939751
B60: 期末汇率 | C60: ='人民币汇率中间价（月初，月末）'!$B27/100 -> 7.1586 | D60: ='人民币汇率中间价（月初，月末）'!$E27/100 -> 0.91195 | E60: 0.00044152645 | F60: =C60*0.000379506641365931 -> 0.0027167362 | G60: =100/'人民币汇率中间价（月初，月末）'!$Y27 -> 0.38087983 | H60: =C60*0.0000383215175320905 -> 0.00027432842 | I60: =100/'人民币汇率中间价（月初，月末）'!$N27 -> 0.091275854 | J60: ='人民币汇率中间价（月初，月末）'!$F27/100 -> 9.83 | K60: =100/'人民币汇率中间价（月初，月末）'!$Z27 -> 0.21968366 | L60: ='人民币汇率中间价（月初，月末）'!$C27/100 -> 8.4024 | M60: =100/'人民币汇率中间价（月初，月末）'!$T27 -> 1.9826321 | N60: =100/'人民币汇率中间价（月初，月末）'!$O27 -> 0.40311202 | O60: ='人民币汇率中间价（月初，月末）'!$I27/100 -> 5.6179 | P60: =C60*0.0176937912492303 -> 0.12666277 | Q60: =C60*0.000648718780407753 -> 0.0046439183 | R60: ='人民币汇率中间价（月初，月末）'!$D27/100 -> 0.049594 | S60: ='人民币汇率中间价（月初，月末）'!$K27/100 -> 5.2358 | T60: =+'人民币汇率中间价（月初，月末）'!G27/100 -> 4.6817
B61: 平均汇率 | C61: 7.175685 | D61: 0.914289 | E61: 0.00044204306 | F61: 0.0027232201 | G61: 0.37706822 | H61: 0.00027498314 | I61: 0.091171042 | J61: 9.729645 | K61: 0.22014019 | L61: 8.26817 | M61: 1.9386739 | N61: 0.40233192 | O61: 5.59247 | P61: 0.12696507 | Q61: 0.0046550016 | R61: 0.049672433 | S61: 5.246915 | T61: 4.665855
A62: FY 2025 | B62: 45778 | C62: 美国-USD | D62: 香港-HKD | E62: 印尼-IDR | F62: 坦桑-TZS | G62: 墨西哥-MXN | H62: 越南-VND | I62: 俄罗斯-RUB | J62: 英国-GBP | K62: 泰国-THB | L62: 比利时-EUR | M62: 波兰-PLN | N62: 南非-ZAR | O62: 新加坡-SGD | P62: 菲律宾-PHP | Q62: 尼日利亚-NGN | R62: 日本-JPY | S62: 加拿大-CAD | T62: 澳大利亚-AUD | U62: 马来西亚-MYR
B63: 期初汇率 | C63: ='人民币汇率中间价（月初，月末）'!$B30/100 -> 7.2008 | D63: ='人民币汇率中间价（月初，月末）'!$E30/100 -> 0.92903 | E63: 0.00044280704 | F63: =C63*0.000377358490566418 -> 0.002717283 | G63: =100/'人民币汇率中间价（月初，月末）'!$Y30 -> 0.36595184 | H63: =C63*0.0000391006842619745 -> 0.00028155621 | I63: =100/'人民币汇率中间价（月初，月末）'!$N30 -> 0.089520706 | J63: ='人民币汇率中间价（月初，月末）'!$F30/100 -> 9.5808 | K63: =100/'人民币汇率中间价（月初，月末）'!$Z30 -> 0.2194378 | L63: ='人民币汇率中间价（月初，月末）'!$C30/100 -> 8.1535 | M63: =100/'人民币汇率中间价（月初，月末）'!$T30 -> 1.9114611 | N63: =100/'人民币汇率中间价（月初，月末）'!$O30 -> 0.39463299 | O63: ='人民币汇率中间价（月初，月末）'!$I30/100 -> 5.5872 | P63: =C63*0.0174492662593682 -> 0.12564868 | Q63: =C63*0.000656383327863822 -> 0.0047264851 | R63: ='人民币汇率中间价（月初，月末）'!$D30/100 -> 0.050269 | S63: ='人民币汇率中间价（月初，月末）'!$K30/100 -> 5.2202 | T63: =+'人民币汇率中间价（月初，月末）'!G30/100 -> 4.6617 | U63: =0.232066928432623*C63 -> 1.6710675
B64: 期末汇率 | C64: ='人民币汇率中间价（月初，月末）'!$B29/100 -> 7.1848 | D64: ='人民币汇率中间价（月初，月末）'!$E29/100 -> 0.91642 | E64: 0.00044260126 | F64: =C64*0.000372786579683063 -> 0.002678397 | G64: =100/'人民币汇率中间价（月初，月末）'!$Y29 -> 0.37160907 | H64: =C64*0.0000384763370527111 -> 0.00027644479 | I64: =100/'人民币汇率中间价（月初，月末）'!$N29 -> 0.093077804 | J64: ='人民币汇率中间价（月初，月末）'!$F29/100 -> 9.6844 | K64: =100/'人民币汇率中间价（月初，月末）'!$Z29 -> 0.22046341 | L64: ='人民币汇率中间价（月初，月末）'!$C29/100 -> 8.162 | M64: =100/'人民币汇率中间价（月初，月末）'!$T29 -> 1.9246685 | N64: =100/'人民币汇率中间价（月初，月末）'!$O29 -> 0.40340474 | O64: ='人民币汇率中间价（月初，月末）'!$I29/100 -> 5.5783 | P64: =C64*0.0180001800021116 -> 0.12932769 | Q64: =C64*0.000628709385372867 -> 0.0045171512 | R64: ='人民币汇率中间价（月初，月末）'!$D29/100 -> 0.049861 | S64: ='人民币汇率中间价（月初，月末）'!$K29/100 -> 5.1959 | T64: =+'人民币汇率中间价（月初，月末）'!G29/100 -> 4.6224
B65: 平均汇率 | C65: 7.1950474 | D65: 0.92165842 | E65: 0.00044263595 | F65: 0.0026822171 | G65: 0.37068252 | H65: 0.00027683907 | I65: 0.089620993 | J65: 9.6232421 | K65: 0.21877127 | L65: 8.1135316 | M65: 1.9099316 | N65: 0.39832786 | O65: 5.5661263 | P65: 0.12951215 | Q65: 0.0045235938 | R65: 0.049733677 | S65: 5.1913105 | T65: 4.6369053
A66: FY 2025 | B66: 45748 | C66: 美国-USD | D66: 香港-HKD | E66: 印尼-IDR | F66: 坦桑-TZS | G66: 墨西哥-MXN | H66: 越南-VND | I66: 俄罗斯-RUB | J66: 英国-GBP | K66: 泰国-THB | L66: 比利时-EUR | M66: 波兰-PLN | N66: 南非-ZAR | O66: 新加坡-SGD | P66: 菲律宾-PHP | Q66: 尼日利亚-NGN | R66: 日本-JPY | S66: 加拿大-CAD | T66: 澳大利亚-AUD | U66: 马来西亚-MYR
B67: 期初汇率 | C67: ='人民币汇率中间价（月初，月末）'!$B32/100 -> 7.1775 | D67: ='人民币汇率中间价（月初，月末）'!$E32/100 -> 0.92257 | E67: 0.00043787822 | F67: =C67*0.000377358490566418 -> 0.0027084906 | G67: =100/'人民币汇率中间价（月初，月末）'!$Y32 -> 0.35138269 | H67: =C67*0.0000391006842619745 -> 0.00028064516 | I67: =100/'人民币汇率中间价（月初，月末）'!$N32 -> 0.087228827 | J67: ='人民币汇率中间价（月初，月末）'!$F32/100 -> 9.3054 | K67: =100/'人民币汇率中间价（月初，月末）'!$Z32 -> 0.21276143 | L67: ='人民币汇率中间价（月初，月末）'!$C32/100 -> 7.7913 | M67: =100/'人民币汇率中间价（月初，月末）'!$T32 -> 1.8615387 | N67: =100/'人民币汇率中间价（月初，月末）'!$O32 -> 0.39301997 | O67: ='人民币汇率中间价（月初，月末）'!$I32/100 -> 5.3601 | P67: =C67*0.0174492662593682 -> 0.12524211 | Q67: =C67*0.000656383327863822 -> 0.0047111913 | R67: ='人民币汇率中间价（月初，月末）'!$D32/100 -> 0.048085 | S67: ='人民币汇率中间价（月初，月末）'!$K32/100 -> 5.0097 | T67: =+'人民币汇率中间价（月初，月末）'!G32/100 -> 4.5016 | U67: =0.225940982033807*C67 -> 1.6216914
B68: 期末汇率 | C68: ='人民币汇率中间价（月初，月末）'!$B31/100 -> 7.2014 | D68: ='人民币汇率中间价（月初，月末）'!$E31/100 -> 0.92813 | E68: 0.00043253343 | F68: =C68*0.000371747211896065 -> 0.0026771004 | G68: =100/'人民币汇率中间价（月初，月末）'!$Y31 -> 0.36922168 | H68: =C68*0.0000384541434339527 -> 0.00027692367 | I68: =100/'人民币汇率中间价（月初，月末）'!$N31 -> 0.088626554 | J68: ='人民币汇率中间价（月初，月末）'!$F31/100 -> 9.6867 | K68: =100/'人民币汇率中间价（月初，月末）'!$Z31 -> 0.21673638 | L68: ='人民币汇率中间价（月初，月末）'!$C31/100 -> 8.225 | M68: =100/'人民币汇率中间价（月初，月末）'!$T31 -> 1.9280082 | N68: =100/'人民币汇率中间价（月初，月末）'!$O31 -> 0.38928683 | O68: ='人民币汇率中间价（月初，月末）'!$I31/100 -> 5.5219 | P68: =C68*0.0178428048890828 -> 0.12849318 | Q68: =C68*0.000623925677974117 -> 0.0044931384 | R68: ='人民币汇率中间价（月初，月末）'!$D31/100 -> 0.050872 | S68: ='人民币汇率中间价（月初，月末）'!$K31/100 -> 5.2298 | T68: =+'人民币汇率中间价（月初，月末）'!G31/100 -> 4.6177
B69: 平均汇率 | C69: 7.2033714 | D69: 0.92782524 | E69: 0.00042910415 | F69: 0.0026778332 | G69: 0.36023796 | H69: 0.00027699948 | I69: 0.087509663 | J69: 9.5042286 | K69: 0.2151225 | L69: 8.1125048 | M69: 1.9032514 | N69: 0.38231241 | O69: 5.4602619 | P69: 0.12852835 | Q69: 0.0044943684 | R69: 0.050232206 | S69: 5.1774048 | T69: 4.5538952
A70: FY 2025 | B70: 45717 | C70: 美国-USD | D70: 香港-HKD | E70: 印尼-IDR | F70: 坦桑-TZS | G70: 墨西哥-MXN | H70: 越南-VND | I70: 俄罗斯-RUB | J70: 英国-GBP | K70: 泰国-THB | L70: 比利时-EUR | M70: 波兰-PLN | N70: 南非-ZAR | O70: 新加坡-SGD | P70: 菲律宾-PHP | Q70: 尼日利亚-NGN | R70: 日本-JPY | S70: 加拿大-CAD | T70: 澳大利亚-AUD | U70: 马来西亚-MYR
B71: 期初汇率 | C71: ='人民币汇率中间价（月初，月末）'!$B34/100 -> 7.1745 | D71: ='人民币汇率中间价（月初，月末）'!$E34/100 -> 0.92252 | E71: 0.00043946965 | F71: =C71*0.00038550501156521 -> 0.0027658057 | G71: =100/'人民币汇率中间价（月初，月末）'!$Y34 -> 0.35156799 | H71: =C71*0.0000391335824838095 -> 0.00028076389 | I71: =100/'人民币汇率中间价（月初，月末）'!$N34 -> 0.081443836 | J71: ='人民币汇率中间价（月初，月末）'!$F34/100 -> 9.0952 | K71: =100/'人民币汇率中间价（月初，月末）'!$Z34 -> 0.21218808 | L71: ='人民币汇率中间价（月初，月末）'!$C34/100 -> 7.5139 | M71: =100/'人民币汇率中间价（月初，月末）'!$T34 -> 1.7967515 | N71: =100/'人民币汇率中间价（月初，月末）'!$O34 -> 0.38708678 | O71: ='人民币汇率中间价（月初，月末）'!$I34/100 -> 5.344 | P71: =C71*0.017245839442151 -> 0.12373028 | Q71: =C71*0.000667062457056839 -> 0.0047858396 | R71: ='人民币汇率中间价（月初，月末）'!$D34/100 -> 0.04796 | S71: ='人民币汇率中间价（月初，月末）'!$K34/100 -> 5.0041 | T71: =+'人民币汇率中间价（月初，月末）'!G34/100 -> 4.4967 | U71: =0.225523598024772*C71 -> 1.6180191
B72: 期末汇率 | C72: ='人民币汇率中间价（月初，月末）'!$B33/100 -> 7.1782 | D72: ='人民币汇率中间价（月初，月末）'!$E33/100 -> 0.92283 | E72: 0.00043787822 | F72: =C72*0.000377358490566418 -> 0.0027087547 | G72: =100/'人民币汇率中间价（月初，月末）'!$Y33 -> 0.35288305 | H72: =C72*0.0000391006842619745 -> 0.00028067253 | I72: =100/'人民币汇率中间价（月初，月末）'!$N33 -> 0.085499316 | J72: ='人民币汇率中间价（月初，月末）'!$F33/100 -> 9.3183 | K72: =100/'人民币汇率中间价（月初，月末）'!$Z33 -> 0.21262119 | L72: ='人民币汇率中间价（月初，月末）'!$C33/100 -> 7.7962 | M72: =100/'人民币汇率中间价（月初，月末）'!$T33 -> 1.8659153 | N72: =100/'人民币汇率中间价（月初，月末）'!$O33 -> 0.39064026 | O72: ='人民币汇率中间价（月初，月末）'!$I33/100 -> 5.3631 | P72: =C72*0.0174492662593682 -> 0.12525432 | Q72: =C72*0.000656383327863822 -> 0.0047116508 | R72: ='人民币汇率中间价（月初，月末）'!$D33/100 -> 0.048355 | S72: ='人民币汇率中间价（月初，月末）'!$K33/100 -> 5.0375 | T72: =+'人民币汇率中间价（月初，月末）'!G33/100 -> 4.527
B73: 平均汇率 | C73: 7.1737238 | D73: 0.92293381 | E73: 0.00043246466 | F73: 0.0027070656 | G73: 0.35555375 | H73: 0.00028049751 | I73: 0.084036842 | J73: 9.2889524 | K73: 0.21371109 | L73: 7.7720238 | M73: 1.8594997 | N73: 0.39340651 | O73: 5.388619 | P73: 0.12517622 | Q73: 0.0047087127 | R73: 0.048381009 | S73: 5.0204333 | T73: 4.5409381
A74: FY 2025 | B74: 45689 | C74: 美国-USD | D74: 香港-HKD | E74: 印尼-IDR | F74: 坦桑-TZS | G74: 墨西哥-MXN | H74: 越南-VND | I74: 俄罗斯-RUB | J74: 英国-GBP | K74: 泰国-THB | L74: 比利时-EUR | M74: 波兰-PLN | N74: 南非-ZAR | O74: 新加坡-SGD | P74: 菲律宾-PHP | Q74: 尼日利亚-NGN | R74: 日本-JPY | S74: 加拿大-CAD | T74: 澳大利亚-AUD | U74: 马来西亚-MYR
B75: 期初汇率 | C75: ='人民币汇率中间价（月初，月末）'!$B36/100 -> 7.1693 | D75: ='人民币汇率中间价（月初，月末）'!$E36/100 -> 0.92079 | E75: 0.00044309939 | F75: =C75*0.00039261876717655 -> 0.0028148017 | G75: =100/'人民币汇率中间价（月初，月末）'!$Y36 -> 0.35092645 | H75: =C75*0.0000398724082934565 -> 0.00028585726 | I75: =100/'人民币汇率中间价（月初，月末）'!$N36 -> 0.072348953 | J75: ='人民币汇率中间价（月初，月末）'!$F36/100 -> 9.0011 | K75: =100/'人民币汇率中间价（月初，月末）'!$Z36 -> 0.21510002 | L75: ='人民币汇率中间价（月初，月末）'!$C36/100 -> 7.4794 | M75: =100/'人民币汇率中间价（月初，月末）'!$T36 -> 1.7765145 | N75: =100/'人民币汇率中间价（月初，月末）'!$O36 -> 0.38568343 | O75: ='人民币汇率中间价（月初，月末）'!$I36/100 -> 5.3359 | P75: =C75*0.0171320884009951 -> 0.12282508 | Q75: =C75*0.000644961560292416 -> 0.0046239229 | R75: ='人民币汇率中间价（月初，月末）'!$D36/100 -> 0.046784 | S75: ='人民币汇率中间价（月初，月末）'!$K36/100 -> 5.0431 | T75: =+'人民币汇率中间价（月初，月末）'!G36/100 -> 4.5167 | U75: =0.229032471932083*C75 -> 1.6420025
B76: 期末汇率 | C76: ='人民币汇率中间价（月初，月末）'!$B35/100 -> 7.1738 | D76: ='人民币汇率中间价（月初，月末）'!$E35/100 -> 0.9226 | E76: 0.00044230761 | F76: =C76*0.00038550501156521 -> 0.0027655359 | G76: =100/'人民币汇率中间价（月初，月末）'!$Y35 -> 0.35187727 | H76: =C76*0.0000391335824838095 -> 0.00028073649 | I76: =100/'人民币汇率中间价（月初，月末）'!$N35 -> 0.083069587 | J76: ='人民币汇率中间价（月初，月末）'!$F35/100 -> 9.0994 | K76: =100/'人民币汇率中间价（月初，月末）'!$Z35 -> 0.21301069 | L76: ='人民币汇率中间价（月初，月末）'!$C35/100 -> 7.5045 | M76: =100/'人民币汇率中间价（月初，月末）'!$T35 -> 1.8013799 | N76: =100/'人民币汇率中间价（月初，月末）'!$O35 -> 0.39057923 | O76: ='人民币汇率中间价（月初，月末）'!$I35/100 -> 5.3522 | P76: =C76*0.017245839442151 -> 0.1237182 | Q76: =C76*0.000667062457056839 -> 0.0047853727 | R76: ='人民币汇率中间价（月初，月末）'!$D35/100 -> 0.048336 | S76: ='人民币汇率中间价（月初，月末）'!$K35/100 -> 5.0079 | T76: =+'人民币汇率中间价（月初，月末）'!G35/100 -> 4.5101
B77: 平均汇率 | C77: 7.1711444 | D77: 0.92157389 | E77: 0.00045226693 | F77: 0.0027645121 | G77: 0.35192955 | H77: 0.00028063257 | I77: 0.078918812 | J77: 9.0444278 | K77: 0.21446213 | L77: 7.5093667 | M77: 1.8019876 | N77: 0.38995139 | O77: 5.3580389 | P77: 0.12367241 | Q77: 0.0047836012 | R77: 0.047719355 | S77: 5.0562944 | T77: 4.55495
A78: FY 2025 | B78: 45658 | C78: 美国-USD | D78: 香港-HKD | E78: 印尼-IDR | F78: 坦桑-TZS | G78: 墨西哥-MXN | H78: 越南-VND | I78: 俄罗斯-RUB | J78: 英国-GBP | K78: 泰国-THB | L78: 比利时-EUR | M78: 波兰-PLN | N78: 南非-ZAR | O78: 新加坡-SGD | P78: 菲律宾-PHP | Q78: 尼日利亚-NGN | R78: 日本-JPY | S78: 加拿大-CAD | T78: 澳大利亚-AUD | U78: 马来西亚-MYR
B79: 期初汇率 | C79: ='人民币汇率中间价（月初，月末）'!$B38/100 -> 7.1879 | D79: ='人民币汇率中间价（月初，月末）'!$E38/100 -> 0.92489 | E79: 0.00045177525 | F79: =+C79*0.000408997955009684 -> 0.0029398364 | G79: =100/'人民币汇率中间价（月初，月末）'!$Y38 -> 0.34656039 | H79: =C79*0.0000392387679026846 -> 0.00028204434 | I79: =100/'人民币汇率中间价（月初，月末）'!$N38 -> 0.064311163 | J79: ='人民币汇率中间价（月初，月末）'!$F38/100 -> 9.0584 | K79: =100/'人民币汇率中间价（月初，月末）'!$Z38 -> 0.21217008 | L79: ='人民币汇率中间价（月初，月末）'!$C38/100 -> 7.491 | M79: =100/'人民币汇率中间价（月初，月末）'!$T38 -> 1.7507309 | N79: =100/'人民币汇率中间价（月初，月末）'!$O38 -> 0.38325924 | O79: ='人民币汇率中间价（月初，月末）'!$I38/100 -> 5.2991 | P79: =C79*0.0172920629439163 -> 0.12429362 | Q79: =C79*0.000647668393781741 -> 0.0046553756 | R79: ='人民币汇率中间价（月初，月末）'!$D38/100 -> 0.046123 | S79: ='人民币汇率中间价（月初，月末）'!$K38/100 -> 5.0442 | T79: =+'人民币汇率中间价（月初，月末）'!G38/100 -> 4.4904 | U79: =0.225349924534637*C79 -> 1.6197927
B80: 期末汇率 | C80: ='人民币汇率中间价（月初，月末）'!$B37/100 -> 7.1889 | D80: ='人民币汇率中间价（月初，月末）'!$E37/100 -> 0.92304 | E80: 0.00044765162 | F80: =+C80*0.000408997955009684 -> 0.0029402454 | G80: =100/'人民币汇率中间价（月初，月末）'!$Y37 -> 0.34675266 | H80: =C80*0.0000392387679026846 -> 0.00028208358 | I80: =100/'人民币汇率中间价（月初，月末）'!$N37 -> 0.070717357 | J80: ='人民币汇率中间价（月初，月末）'!$F37/100 -> 8.8557 | K80: =100/'人民币汇率中间价（月初，月末）'!$Z37 -> 0.21059725 | L80: ='人民币汇率中间价（月初，月末）'!$C37/100 -> 7.4562 | M80: =100/'人民币汇率中间价（月初，月末）'!$T37 -> 1.7481601 | N80: =100/'人民币汇率中间价（月初，月末）'!$O37 -> 0.38395085 | O80: ='人民币汇率中间价（月初，月末）'!$I37/100 -> 5.2933 | P80: =C80*0.0172920629439163 -> 0.12431091 | Q80: =C80*0.000647668393781741 -> 0.0046560233 | R80: ='人民币汇率中间价（月初，月末）'!$D37/100 -> 0.0467 | S80: ='人民币汇率中间价（月初，月末）'!$K37/100 -> 5.0369 | T80: =+'人民币汇率中间价（月初，月末）'!G37/100 -> 4.5036
B81: 平均汇率 | C81: 7.1882667 | D81: 0.92384917 | E81: 0.00043889771 | F81: 0.0029399864 | G81: 0.3512531 | H81: 0.00028205873 | I81: 0.068958384 | J81: 8.9292833 | K81: 0.21052225 | L81: 7.4562167 | M81: 1.7475643 | N81: 0.38351033 | O81: 5.290975 | P81: 0.12429996 | Q81: 0.0046556131 | R81: 0.046115822 | S81: 5.0420167 | T81: 4.4997833
A82: FY 2024 | B82: 45627 | C82: 美国-USD | D82: 香港-HKD | E82: 印尼-IDR | F82: 坦桑-TZS | G82: 墨西哥-MXN | H82: 越南-VND | I82: 俄罗斯-RUB | J82: 英国-GBP | K82: 泰国-THB | L82: 比利时-EUR | M82: 波兰-PLN | N82: 南非-ZAR | O82: 新加坡-SGD | P82: 菲律宾-PHP | Q82: 尼日利亚-NGN | R82: 日本-JPY
B83: 期初汇率 | C83: ='人民币汇率中间价（月初，月末）'!$B40/100 -> 7.1865 | D83: ='人民币汇率中间价（月初，月末）'!$E40/100 -> 0.92343 | E83: 0.00045584046 | F83: =+$C83*0.000378071833648322 -> 0.0027170132 | G83: =100/'人民币汇率中间价（月初，月末）'!$Y40 -> 0.35297024 | H83: =+$C83*0.0000394119733575069 -> 0.00028323415 | I83: =100/'人民币汇率中间价（月初，月末）'!$N40 -> 0.067979117 | J83: ='人民币汇率中间价（月初，月末）'!$F40/100 -> 9.1462 | K83: =100/'人民币汇率中间价（月初，月末）'!$Z40 -> 0.21009286 | L83: ='人民币汇率中间价（月初，月末）'!$C40/100 -> 7.5907 | M83: =100/'人民币汇率中间价（月初，月末）'!$T40 -> 1.7666284 | N83: =100/'人民币汇率中间价（月初，月末）'!$O40 -> 0.39808917 | O83: ='人民币汇率中间价（月初，月末）'!$I40/100 -> 5.3768 | P83: =+$C83*0.0170415814594931 -> 0.12246933 | Q83: =+$C83*0.000594215902405263 -> 0.0042703326 | R83: ='人民币汇率中间价（月初，月末）'!$D40/100 -> 0.048134
B84: 期末汇率 | C84: ='人民币汇率中间价（月初，月末）'!$B39/100 -> 7.1884 | D84: ='人民币汇率中间价（月初，月末）'!$E39/100 -> 0.92604 | E84: 0.0004516365 | F84: =坦桑!HX1 -> 0.0029400409 | G84: =100/'人民币汇率中间价（月初，月末）'!$Y39 -> 0.34977265 | H84: =C84*0.0000392387679026846 -> 0.00028206396 | I84: =100/'人民币汇率中间价（月初，月末）'!$N39 -> 0.06605587 | J84: ='人民币汇率中间价（月初，月末）'!$F39/100 -> 9.0765 | K84: =100/'人民币汇率中间价（月初，月末）'!$Z39 -> 0.21263928 | L84: ='人民币汇率中间价（月初，月末）'!$C39/100 -> 7.5257 | M84: =100/'人民币汇率中间价（月初，月末）'!$T39 -> 1.7597269 | N84: =100/'人民币汇率中间价（月初，月末）'!$O39 -> 0.3844084 | O84: ='人民币汇率中间价（月初，月末）'!$I39/100 -> 5.3214 | P84: =C84*0.0172920629439163 -> 0.12430227 | Q84: =C84*0.000647668393781741 -> 0.0046556995 | R84: ='人民币汇率中间价（月初，月末）'!$D39/100 -> 0.046233
B85: 平均汇率 | C85: 7.18865 | D85: 0.92474045 | E85: 0.00044478716 | F85: 0.0029401431 | G85: 0.35628223 | H85: 0.00028207377 | I85: 0.070270881 | J85: 9.1312227 | K85: 0.21211668 | L85: 7.5645773 | M85: 1.7720813 | N85: 0.39611804 | O85: 5.3505091 | P85: 0.12430836 | Q85: 0.0046559277 | R85: 0.047119039
A86: FY 2024 | B86: 45597 | C86: 美国-USD | D86: 香港-HKD | E86: 印尼-IDR | F86: 坦桑-TZS | G86: 墨西哥-MXN | H86: 越南-VND | I86: 俄罗斯-RUB | J86: 英国-GBP | K86: 泰国-THB | L86: 比利时-EUR | M86: 波兰-PLN | N86: 南非-ZAR | O86: 新加坡-SGD | P86: 菲律宾-PHP
B87: 期初汇率 | C87: ='人民币汇率中间价（月初，月末）'!B42/100 -> 7.1135 | D87: ='人民币汇率中间价（月初，月末）'!E42/100 -> 0.915 | E87: 0.00045333382 | F87: =+C87*0.000367647058823445 -> 0.0026152574 | G87: =100/'人民币汇率中间价（月初，月末）'!Y42 -> 0.35460993 | H87: =+C87*0.0000395335046451923 -> 0.00028122159 | I87: =100/'人民币汇率中间价（月初，月末）'!N42 -> 0.073091401 | J87: ='人民币汇率中间价（月初，月末）'!F42/100 -> 9.1755 | K87: =100/'人民币汇率中间价（月初，月末）'!Z42 -> 0.21034918 | L87: ='人民币汇率中间价（月初，月末）'!C42/100 -> 7.7421 | M87: =100/'人民币汇率中间价（月初，月末）'!T42 -> 1.7783468 | N87: =100/'人民币汇率中间价（月初，月末）'!O42 -> 0.40408938 | O87: ='人民币汇率中间价（月初，月末）'!I42/100 -> 5.3892 | P87: =+C87*0.0171747531120022 -> 0.12217261
B88: 期末汇率 | C88: ='人民币汇率中间价（月初，月末）'!B41/100 -> 7.1877 | D88: ='人民币汇率中间价（月初，月末）'!E41/100 -> 0.92355 | E88: 0.00045712823 | F88: =坦桑!HR1 -> 0.0027174681 | G88: =100/'人民币汇率中间价（月初，月末）'!Y41 -> 0.3524726 | H88: =+C88*0.0000394119733575069 -> 0.00028328144 | I88: =100/'人民币汇率中间价（月初，月末）'!N41 -> 0.067045249 | J88: ='人民币汇率中间价（月初，月末）'!F41/100 -> 9.145 | K88: =100/'人民币汇率中间价（月初，月末）'!Z41 -> 0.20986799 | L88: ='人民币汇率中间价（月初，月末）'!C41/100 -> 7.6087 | M88: =100/'人民币汇率中间价（月初，月末）'!T41 -> 1.7677214 | N88: =100/'人民币汇率中间价（月初，月末）'!O41 -> 0.3977883 | O88: ='人民币汇率中间价（月初，月末）'!I41/100 -> 5.3712 | P88: =+C88*0.0170415814594931 -> 0.12248978
B89: 平均汇率 | C89: 7.1729095 | D89: 0.92206095 | E89: 0.00045215012 | F89: 0.0027118762 | G89: 0.35430719 | H89: 0.00028269871 | I89: 0.07153802 | J89: 9.1699762 | K89: 0.20900014 | L89: 7.6492238 | M89: 1.7669316 | N89: 0.40127797 | O89: 5.3838333 | P89: 0.12223772
A90: FY 2024 | B90: 45566 | C90: 美国-USD | D90: 香港-HKD | E90: 印尼-IDR | F90: 坦桑-TZS | G90: 墨西哥-MXN | H90: 越南-VND | I90: 俄罗斯-RUB | J90: 英国-GBP | K90: 泰国-THB | L90: 比利时-EUR | M90: 波兰-PLN | N90: 南非-ZAR | O90: 新加坡-SGD | P90: 菲律宾-PHP
B91: 期初汇率 | C91: ='人民币汇率中间价（月初，月末）'!B44/100 -> 7.0709 | D91: ='人民币汇率中间价（月初，月末）'!E44/100 -> 0.91042 | E91: =+C91*0.0000661280343324841 -> 0.00046758472 | F91: =+C91*0.000366300366300694 -> 0.0025900733 | G91: =100/'人民币汇率中间价（月初，月末）'!Y44 -> 0.36659579 | H91: =+C91*0.0000406338886631492 -> 0.00028731816 | I91: =100/'人民币汇率中间价（月初，月末）'!N44 -> 0.073358422 | J91: ='人民币汇率中间价（月初，月末）'!F44/100 -> 9.2574 | K91: =100/'人民币汇率中间价（月初，月末）'!Z44 -> 0.21109962 | L91: ='人民币汇率中间价（月初，月末）'!C44/100 -> 7.7643 | M91: =100/'人民币汇率中间价（月初，月末）'!T44 -> 1.7950421 | N91: =100/'人民币汇率中间价（月初，月末）'!O44 -> 0.40695072 | O91: ='人民币汇率中间价（月初，月末）'!I44/100 -> 5.423 | P91: =+C91*0.0178428048884747 -> 0.12616469
B92: 期末汇率 | C92: ='人民币汇率中间价（月初，月末）'!B43/100 -> 7.125 | D92: ='人民币汇率中间价（月初，月末）'!E43/100 -> 0.91673 | E92: =+C92*0.0000635647088736334 -> 0.00045289855 | F92: =+C92*0.000367647058823445 -> 0.0026194853 | G92: =100/'人民币汇率中间价（月初，月末）'!Y43 -> 0.3532196 | H92: =+C92*0.0000395335046451923 -> 0.00028167622 | I92: =100/'人民币汇率中间价（月初，月末）'!N43 -> 0.073398805 | J92: ='人民币汇率中间价（月初，月末）'!F43/100 -> 9.232 | K92: =100/'人民币汇率中间价（月初，月末）'!Z43 -> 0.21111744 | L92: ='人民币汇率中间价（月初，月末）'!C43/100 -> 7.7368 | M92: =100/'人民币汇率中间价（月初，月末）'!T43 -> 1.7770512 | N92: =100/'人民币汇率中间价（月初，月末）'!O43 -> 0.40363269 | O92: ='人民币汇率中间价（月初，月末）'!I43/100 -> 5.3884 | P92: =+C92*0.0171747531120022 -> 0.12237012
B93: 平均汇率 | C93: 7.1058 | D93: 0.91442056 | E93: 0.00045167805 | F93: 0.0026124261 | G93: 0.35992801 | H93: 0.00028091714 | I93: 0.073593144 | J93: 9.2488056 | K93: 0.21218958 | L93: 7.7216556 | M93: 1.7879599 | N93: 0.40346713 | O93: 5.4081278 | P93: 0.12204036
A94: FY 2024 | B94: 45536 | C94: 美国-USD | D94: 香港-HKD | E94: 印尼-IDR | F94: 坦桑-TZS | G94: 墨西哥-MXN | H94: 越南-VND | I94: 俄罗斯-RUB | J94: 英国-GBP | K94: 泰国-THB | L94: 比利时-EUR | M94: 波兰-PLN | N94: 南非-ZAR | O94: 新加坡-SGD | P94: 菲律宾-PHP
B95: 期初汇率 | C95: ='人民币汇率中间价（月初，月末）'!B46/100 -> 7.1027 | D95: ='人民币汇率中间价（月初，月末）'!E46/100 -> 0.91091 | E95: =+C95*0.0000648115187602167 -> 0.00046033677 | F95: =+C95*0.000369003690036967 -> 0.0026209225 | G95: =100/'人民币汇率中间价（月初，月末）'!Y46 -> 0.36028246 | H95: =+C95*0.0000401929260450169 -> 0.0002854783 | I95: =100/'人民币汇率中间价（月初，月末）'!N46 -> 0.078382806 | J95: ='人民币汇率中间价（月初，月末）'!F46/100 -> 9.3227 | K95: =100/'人民币汇率中间价（月初，月末）'!Z46 -> 0.20849405 | L95: ='人民币汇率中间价（月初，月末）'!C46/100 -> 7.8444 | M95: =100/'人民币汇率中间价（月初，月末）'!T46 -> 1.8297257 | N95: =100/'人民币汇率中间价（月初，月末）'!O46 -> 0.39826357 | O95: ='人民币汇率中间价（月初，月末）'!I46/100 -> 5.4376 | P95: =+C95*0.0178007209293308 -> 0.12643318
B96: 期末汇率 | C96: ='人民币汇率中间价（月初，月末）'!B45/100 -> 7.0074 | D96: ='人民币汇率中间价（月初，月末）'!E45/100 -> 0.90179 | E96: =印尼盾!PK1 -> 0.00046338535 | F96: =坦桑!HF1 -> 0.0025668106 | G96: =100/'人民币汇率中间价（月初，月末）'!Y45 -> 0.35662066 | H96: =越南盾!GN1 -> 0.00028473799 | I96: =100/'人民币汇率中间价（月初，月末）'!N45 -> 0.074700451 | J96: ='人民币汇率中间价（月初，月末）'!F45/100 -> 9.3761 | K96: =100/'人民币汇率中间价（月初，月末）'!Z45 -> 0.2164877 | L96: ='人民币汇率中间价（月初，月末）'!C45/100 -> 7.8267 | M96: =100/'人民币汇率中间价（月初，月末）'!T45 -> 1.8323408 | N96: =100/'人民币汇率中间价（月初，月末）'!O45 -> 0.40965139 | O96: ='人民币汇率中间价（月初，月末）'!I45/100 -> 5.4731 | P96: =菲律宾!BX1 -> 0.12503167
B97: 平均汇率 | C97: 7.0790579 | D97: 0.90853842 | E97: 0.00046812394 | F97: 0.0025930589 | G97: 0.36035148 | H97: 0.00028764973 | I97: 0.077740835 | J97: 9.3503947 | K97: 0.21199371 | L97: 7.8571579 | M97: 1.8378192 | N97: 0.40172446 | O97: 5.4577632 | P97: 0.12631025
A98: FY 2024 | B98: 45505 | C98: 美国-USD | D98: 香港-HKD | E98: 印尼-IDR | F98: 坦桑-TZS | G98: 墨西哥-MXN | H98: 越南-VND | I98: 俄罗斯-RUB | J98: 英国-GBP | K98: 泰国-THB | L98: 比利时-EUR | M98: 波兰-PLN | N98: 南非-ZAR | O98: 新加坡-SGD | P98: 菲律宾-PHP
B99: 期初汇率 | C99: ='人民币汇率中间价（月初，月末）'!B48/100 -> 7.1323 | D99: ='人民币汇率中间价（月初，月末）'!E48/100 -> 0.91283 | E99: =+C99*0.00006208535164073 -> 0.00044281135 | F99: =+C99*0.000369685767098101 -> 0.0026367098 | G99: =100/'人民币汇率中间价（月初，月末）'!Y48 -> 0.38216074 | H99: =+C99*0.0000395491398062046 -> 0.00028207633 | I99: =100/'人民币汇率中间价（月初，月末）'!N48 -> 0.083189831 | J99: ='人民币汇率中间价（月初，月末）'!F48/100 -> 9.1809 | K99: =100/'人民币汇率中间价（月初，月末）'!Z48 -> 0.20166983 | L99: ='人民币汇率中间价（月初，月末）'!C48/100 -> 7.7359 | M99: =100/'人民币汇率中间价（月初，月末）'!T48 -> 1.7979144 | N99: =100/'人民币汇率中间价（月初，月末）'!O48 -> 0.39186488 | O99: ='人民币汇率中间价（月初，月末）'!I48/100 -> 5.3416 | P99: =+C99*0.0170852554247301 -> 0.12185717
B100: 期末汇率 | C100: ='人民币汇率中间价（月初，月末）'!B47/100 -> 7.1124 | D100: ='人民币汇率中间价（月初，月末）'!E47/100 -> 0.91222 | E100: =印尼盾!PE1 -> 0.00046096531 | F100: =坦桑!GZ1 -> 0.002624504 | G100: =100/'人民币汇率中间价（月初，月末）'!Y47 -> 0.35837156 | H100: =越南盾!GH1 -> 0.00028586798 | I100: =100/'人民币汇率中间价（月初，月末）'!N47 -> 0.077294089 | J100: ='人民币汇率中间价（月初，月末）'!F47/100 -> 9.3638 | K100: =100/'人民币汇率中间价（月初，月末）'!Z47 -> 0.20956452 | L100: ='人民币汇率中间价（月初，月末）'!C47/100 -> 7.8807 | M100: =100/'人民币汇率中间价（月初，月末）'!T47 -> 1.8393511 | N100: =100/'人民币汇率中间价（月初，月末）'!O47 -> 0.40068919 | O100: ='人民币汇率中间价（月初，月末）'!I47/100 -> 5.4588 | P100: =菲律宾!BR1 -> 0.12660585
...

Sheet 美元
A1: USD兑CNY 期末汇率 | C1: =1/C6 -> 0.15647738 | D1: =ROUND(C1,12) -> 0.15647738 | F1: USD兑CNY 期末汇率 | H1: =1/H6 -> 0.15675455 | I1: =ROUND(H1,12) -> 0.15675455 | J1: USD兑CNY | K1: 期末汇率 | L1: =L6 -> 6.3757 | O1: USD兑CNY | P1: 期末汇率 | Q1: =Q6 -> 6.3492 | T1: USD兑CNY | U1: 期末汇率 | V1: =V6 -> 6.3222 | Y1: USD兑CNY | Z1: 期末汇率 | AA1: =AA6 -> 6.3482 | AD1: USD兑CNY | AE1: 期末汇率 | AF1: =AF6 -> 6.6177 | AI1: USD兑CNY | AJ1: 期末汇率 | AK1: =AK6 -> 6.6607 | AN1: USD兑CNY | AO1: 期末汇率 | AP1: =AP6 -> 6.7114 | AS1: USD兑CNY | AT1: 期末汇率 | AU1: =AU6 -> 6.7437 | AX1: USD兑CNY | AY1: 期末汇率 | AZ1: =AZ6 -> 6.8906 | BC1: USD兑CNY | BD1: 期末汇率 | BE1: =BE6 -> 7.0998 | BH1: USD兑CNY | BI1: 期末汇率 | BJ1: =BJ6 -> 7.1768 | BM1: USD兑CNY | BN1: 期末汇率 | BO1: =BO6 -> 7.1769 | BR1: USD兑CNY | BS1: 期末汇率 | BT1: =BT6 -> 6.9646 | BV1: USD兑CNY | BW1: 期末汇率 | BX1: =BX6 -> 6.7604 | BZ1: USD兑CNY | CA1: 期末汇率 | CB1: =CB6 -> 6.9519 | CD1: USD兑CNY | CE1: 期末汇率 | CF1: =CF6 -> 6.8717 | CH1: USD兑CNY | CI1: 期末汇率 | CJ1: =CJ6 -> 6.924 | CL1: USD兑CNY | CM1: 期末汇率 | CN1: =CN6 -> 7.0821 | CP1: USD兑CNY | CQ1: 期末汇率 | CR1: =CR6 -> 7.2258 | CT1: USD兑CNY | CU1: 期末汇率 | CV1: =CV6 -> 7.1305 | CX1: USD兑CNY | CY1: 期末汇率 | CZ1: =CZ6 -> 7.1811 | DB1: USD兑CNY | DC1: 期末汇率 | DD1: =DD6 -> 7.1798 | DF1: USD兑CNY | DG1: 期末汇率 | DH1: =DH6 -> 7.1779 | DJ1: USD兑CNY | DK1: 期末汇率 | DL1: =DL6 -> 7.1018 | DN1: USD兑CNY | DO1: 期末汇率 | DP1: =DP6 -> 7.0827 | DR1: USD兑CNY | DS1: 期末汇率 | DT1: =DT6 -> 7.1055 | DV1: USD兑CNY | DW1: 期末汇率 | DX1: =DX6 -> 7.1036 | DZ1: USD兑CNY | EA1: 期末汇率 | EB1: =EB6 -> 7.095 | ED1: USD兑CNY | EE1: 期末汇率 | EF1: =EF6 -> 7.1063 | EH1: USD兑CNY | EI1: 期末汇率 | EJ1: =EJ6 -> 7.1088 | EL1: USD兑CNY | EM1: 期末汇率 | EN1: =EN6 -> 7.1268 | EP1: USD兑CNY | EQ1: 期末汇率 | ER1: =ER6 -> 7.1346 | ET1: USD兑CNY | EU1: 期末汇率 | EV1: =EV6 -> 7.1124 | EX1: USD兑CNY | EY1: 期末汇率 | EZ1: =EZ6 -> 7.0074 | FB1: USD兑CNY | FC1: 期末汇率 | FD1: =FD6 -> 7.125 | FF1: USD兑CNY | FG1: 期末汇率 | FH1: =FH6 -> 7.1877 | FJ1: USD兑CNY | FK1: 期末汇率 | FL1: =FL6 -> 7.1884 | FN1: USD兑CNY | FO1: 期末汇率 | FP1: =FP6 -> 7.1889 | FR1: USD兑CNY | FS1: 期末汇率 | FT1: =FT6 -> 7.1738 | FV1: USD兑CNY | FW1: 期末汇率 | FX1: =FX6 -> 7.1782 | FZ1: USD兑CNY | GA1: 期末汇率 | GB1: =GB6 -> 7.2014 | GD1: USD兑CNY | GE1: 期末汇率 | GF1: =GF6 -> 7.1848 | GH1: USD兑CNY | GI1: 期末汇率 | GJ1: =GJ6 -> 7.1586 | GL1: USD兑CNY | GM1: 期末汇率 | GN1: =GN6 -> 7.1494 | GP1: USD兑CNY | GQ1: 期末汇率 | GR1: =GR6 -> 7.103 | GT1: USD兑CNY | GU1: 期末汇率 | GV1: =GV6 -> 7.1055 | GX1: USD兑CNY | GY1: 期末汇率 | GZ1: =GZ6 -> 7.088 | HB1: USD兑CNY | HC1: 期末汇率 | HD1: =HD6 -> 7.0789 | HF1: USD兑CNY | HG1: 期末汇率 | HH1: =HH6 -> 7.0288 | HJ1: USD兑CNY | HK1: 期末汇率 | HL1: =HL6 -> 6.9678 | HN1: USD兑CNY | HO1: 期末汇率 | HP1: =HP6 -> 6.9228 | HR1: USD兑CNY | HS1: 期末汇率 | HT1: =HT6 -> 6.9194 | HV1: USD兑CNY | HW1: 期末汇率 | HX1: =HX6 -> 6.8628 | HZ1: USD兑CNY | IA1: 期末汇率 | IB1: =IB6 -> 6.8176 | ID1: USD兑CNY | IE1: 期末汇率 | IF1: =IF6 -> 6.8109
A2: USD兑CNY 平均汇率 | C2: =1/AVERAGE(C6:C31) -> 0.15578235 | D2: =ROUND(C2,12) -> 0.15578235 | F2: USD兑CNY 平均汇率 | H2: =1/AVERAGE(H6:H31) -> 0.15636416 | I2: =ROUND(H2,12) -> 0.15636416 | K2: 平均汇率 | L2: =AVERAGE(L6:L31) -> 6.370013 | P2: 平均汇率 | Q2: =AVERAGE(Q6:Q31) -> 6.3641286 | U2: 平均汇率 | V2: =AVERAGE(V6:V31) -> 6.3470438 | Z2: 平均汇率 | AA2: =AVERAGE(AA6:AA31) -> 6.3457217 | AE2: 平均汇率 | AF2: =AVERAGE(AF6:AF31) -> 6.4280158 | AJ2: 平均汇率 | AK2: =AVERAGE(AK6:AK31) -> 6.7071263 | AO2: 平均汇率 | AP2: =AVERAGE(AP6:AP31) -> 6.6991286 | AT2: 平均汇率 | AU2: =AVERAGE(AU6:AU31) -> 6.7324476 | AY2: 平均汇率 | AZ2: =AVERAGE(AZ6:AZ31) -> 6.7948609 | BD2: 平均汇率 | BE2: =AVERAGE(BE6:BE31) -> 6.9620619 | BI2: 平均汇率 | BJ2: =AVERAGE(BJ6:BJ31) -> 7.1286938 | BN2: 平均汇率 | BO2: =AVERAGE(BO6:BO31) -> 7.1627864 | BS2: 平均汇率 | BT2: =AVERAGE(BT6:BT31) -> 6.9832591 | BW2: 平均汇率 | BX2: =AVERAGE(BX6:BX31) -> 6.7975813 | CA2: 平均汇率 | CB2: =AVERAGE(CB6:CB31) -> 6.829585 | CE2: 平均汇率 | CF2: =AVERAGE(CF6:CF31) -> 6.8981522 | CI2: 平均汇率 | CJ2: =AVERAGE(CJ6:CJ31) -> 6.8851684 | CM2: 平均汇率 | CN2: =AVERAGE(CN6:CN31) -> 6.991195 | CQ2: 平均汇率 | CR2: =AVERAGE(CR6:CR31) -> 7.149205 | CU2: 平均汇率 | CV2: =AVERAGE(CV6:CV31) -> 7.1618667 | CY2: 平均汇率 | CZ2: =AVERAGE(CZ6:CZ31) -> 7.1732696 | DC2: 平均汇率 | DD2: =AVERAGE(DD6:DD31) -> 7.183895 | DG2: 平均汇率 | DH2: =AVERAGE(DH6:DH31) -> 7.1786235 | DK2: 平均汇率 | DL2: =AVERAGE(DL6:DL31) -> 7.1543591 | DO2: 平均汇率 | DP2: =AVERAGE(DP6:DP31) -> 7.103881 | DS2: 平均汇率 | DT2: =AVERAGE(DT6:DT31) -> 7.1060857 | DW2: 平均汇率 | DX2: =AVERAGE(DX6:DX31) -> 7.1050937 | EA2: 平均汇率 | EB2: =AVERAGE(EB6:EB31) -> 7.0978 | EE2: 平均汇率 | EF2: =AVERAGE(EF6:EF31) -> 7.10066 | EI2: 平均汇率 | EJ2: =AVERAGE(EJ6:EJ31) -> 7.105665 | EM2: 平均汇率 | EN2: =AVERAGE(EN6:EN31) -> 7.1161947 | EQ2: 平均汇率 | ER2: =AVERAGE(ER6:ER31) -> 7.1315522 | EU2: 平均汇率 | EV2: =AVERAGE(EV6:EV31) -> 7.1342364 | EY2: 平均汇率 | EZ2: =AVERAGE(EZ6:EZ31) -> 7.0790579 | FC2: 平均汇率 | FD2: =AVERAGE(FD6:FD31) -> 7.1058 | FG2: 平均汇率 | FH2: =AVERAGE(FH6:FH31) -> 7.1729095 | FK2: 平均汇率 | FL2: =AVERAGE(FL6:FL31) -> 7.18865 | FO2: 平均汇率 | FP2: =AVERAGE(FP6:FP31) -> 7.1882667 | FS2: 平均汇率 | FT2: =AVERAGE(FT6:FT31) -> 7.1711444 | FW2: 平均汇率 | FX2: =AVERAGE(FX6:FX31) -> 7.1737238 | GA2: 平均汇率 | GB2: =AVERAGE(GB6:GB31) -> 7.2033714 | GE2: 平均汇率 | GF2: =AVERAGE(GF6:GF31) -> 7.1950474 | GI2: 平均汇率 | GJ2: =AVERAGE(GJ6:GJ31) -> 7.175685 | GM2: 平均汇率 | GN2: =AVERAGE(GN6:GN31) -> 7.1490913 | GQ2: 平均汇率 | GR2: =AVERAGE(GR6:GR31) -> 7.1309381 | GU2: 平均汇率 | GV2: =AVERAGE(GV6:GV31) -> 7.1068182 | GY2: 平均汇率 | GZ2: =AVERAGE(GZ6:GZ31) -> 7.0948059 | HC2: 平均汇率 | HD2: =AVERAGE(HD6:HD31) -> 7.0848 | HG2: 平均汇率 | HH2: =AVERAGE(HH6:HH31) -> 7.0593478 | HK2: 平均汇率 | HL2: =AVERAGE(HL6:HL31) -> 7.00156 | HO2: 平均汇率 | HP2: =AVERAGE(HP6:HP31) -> 6.94615 | HS2: 平均汇率 | HT2: =AVERAGE(HT6:HT31) -> 6.9036909 | HW2: 平均汇率 | HX2: =AVERAGE(HX6:HX31) -> 6.8683143 | IA2: 平均汇率 | IB2: =AVERAGE(IB6:IB31) -> 6.8385167 | IE2: 平均汇率 | IF2: =AVERAGE(IF6:IF31) -> 6.8153762
J3: CNY兑 USD | K3: 期末汇率 | L3: =1/L8 -> 0.15689966 | M3: =ROUND(L3,12) -> 0.15689966 | O3: CNY兑 USD | P3: 期末汇率 | Q3: =1/Q6 -> 0.15750016 | R3: =ROUND(Q3,12) -> 0.15750016 | T3: CNY兑 USD | U3: 期末汇率 | V3: =1/V6 -> 0.15817279 | W3: =ROUND(V3,12) -> 0.15817279 | Y3: CNY兑 USD | Z3: 期末汇率 | AA3: =1/AA6 -> 0.15752497 | AB3: =ROUND(AA3,12) -> 0.15752497 | AD3: CNY兑 USD | AE3: 期末汇率 | AF3: =1/AF6 -> 0.1511099 | AG3: =ROUND(AF3,12) -> 0.1511099 | AI3: CNY兑 USD | AJ3: 期末汇率 | AK3: =1/AK6 -> 0.15013437 | AL3: =ROUND(AK3,12) -> 0.15013437 | AN3: CNY兑 USD | AO3: 期末汇率 | AP3: =1/AP6 -> 0.14900021 | AQ3: =ROUND(AP3,12) -> 0.14900021 | AS3: CNY兑 USD | AT3: 期末汇率 | AU3: =1/AU6 -> 0.14828655 | AV3: =ROUND(AU3,12) -> 0.14828655 | AX3: CNY兑 USD | AY3: 期末汇率 | AZ3: =1/AZ6 -> 0.14512524 | BA3: =ROUND(AZ3,12) -> 0.14512524 | BC3: CNY兑 USD | BD3: 期末汇率 | BE3: =1/BE6 -> 0.14084904 | BF3: =ROUND(BE3,12) -> 0.14084904 | BH3: CNY兑 USD | BI3: 期末汇率 | BJ3: =1/BJ6 -> 0.13933787 | BM3: CNY兑 USD | BN3: 期末汇率 | BO3: =1/BO6 -> 0.13933592 | BP3: =ROUND(BO3,12) -> 0.13933592 | BR3: CNY兑 USD | BS3: 期末汇率 | BT3: =1/BT6 -> 0.14358326 | BU3: =ROUND(BT3,12) -> 0.14358326 | BV3: CNY兑 USD | BW3: 期末汇率 | BX3: =1/BX6 -> 0.14792024 | BY3: =ROUND(BX3,12) -> 0.14792024 | BZ3: CNY兑 USD | CA3: 期末汇率 | CB3: =1/CB6 -> 0.14384557 | CD3: CNY兑 USD | CE3: 期末汇率 | CF3: =1/CF6 -> 0.1455244 | CH3: CNY兑 USD | CI3: 期末汇率 | CJ3: =1/CJ6 -> 0.14442519 | CL3: CNY兑 USD | CM3: 期末汇率 | CN3: =1/CN6 -> 0.14120106 | CP3: CNY兑 USD | CQ3: 期末汇率 | CR3: =1/CR6 -> 0.13839298 | CT3: CNY兑 USD | CU3: 期末汇率 | CV3: =1/CV6 -> 0.14024262 | CX3: CNY兑 USD | CY3: 期末汇率 | CZ3: =1/CZ6 -> 0.13925443 | DB3: CNY兑 USD | DC3: 期末汇率 | DD3: =1/DD6 -> 0.13927965 | DF3: CNY兑 USD | DG3: 期末汇率 | DH3: =1/DH6 -> 0.13931651 | DJ3: CNY兑 USD | DK3: 期末汇率 | DL3: =1/DL6 -> 0.14080937 | DN3: CNY兑 USD | DO3: 期末汇率 | DP3: =1/DP6 -> 0.14118909 | DR3: CNY兑 USD | DS3: 期末汇率 | DT3: =1/DT6 -> 0.14073605 | DV3: CNY兑 USD | DW3: 期末汇率 | DX3: =1/DX6 -> 0.14077369 | DZ3: CNY兑 USD | EA3: 期末汇率 | EB3: =1/EB6 -> 0.14094433 | ED3: CNY兑 USD | EE3: 期末汇率 | EF3: =1/EF6 -> 0.14072021 | EH3: CNY兑 USD | EI3: 期末汇率 | EJ3: =1/EJ6 -> 0.14067072 | EL3: CNY兑 USD | EM3: 期末汇率 | EN3: =1/EN6 -> 0.14031543 | EP3: CNY兑 USD | EQ3: 期末汇率 | ER3: =1/ER6 -> 0.14016203 | ET3: CNY兑 USD | EU3: 期末汇率 | EV3: =1/EV6 -> 0.14059952 | EX3: CNY兑 USD | EY3: 期末汇率 | EZ3: =1/EZ6 -> 0.14270628 | FB3: CNY兑 USD | FC3: 期末汇率 | FD3: =1/FD6 -> 0.14035088 | FF3: CNY兑 USD | FG3: 期末汇率 | FH3: =1/FH6 -> 0.13912656 | FJ3: CNY兑 USD | FK3: 期末汇率 | FL3: =1/FL6 -> 0.13911302 | FN3: CNY兑 USD | FO3: 期末汇率 | FP3: =1/FP6 -> 0.13910334 | FR3: CNY兑 USD | FS3: 期末汇率 | FT3: =1/FT6 -> 0.13939614 | FV3: CNY兑 USD | FW3: 期末汇率 | FX3: =1/FX6 -> 0.13931069 | FZ3: CNY兑 USD | GA3: 期末汇率 | GB3: =1/GB6 -> 0.13886189 | GD3: CNY兑 USD | GE3: 期末汇率 | GF3: =1/GF6 -> 0.13918272 | GH3: CNY兑 USD | GI3: 期末汇率 | GJ3: =1/GJ6 -> 0.13969212 | GL3: CNY兑 USD | GM3: 期末汇率 | GN3: =1/GN6 -> 0.13987188 | GP3: CNY兑 USD | GQ3: 期末汇率 | GR3: =1/GR6 -> 0.14078558 | GT3: CNY兑 USD | GU3: 期末汇率 | GV3: =1/GV6 -> 0.14073605 | GX3: CNY兑 USD | GY3: 期末汇率 | GZ3: =1/GZ6 -> 0.14108352 | HB3: CNY兑 USD | HC3: 期末汇率 | HD3: =1/HD6 -> 0.14126489 | HF3: CNY兑 USD | HG3: 期末汇率 | HH3: =1/HH6 -> 0.1422718 | HJ3: CNY兑 USD | HK3: 期末汇率 | HL3: =1/HL6 -> 0.14351732 | HN3: CNY兑 USD | HO3: 期末汇率 | HP3: =1/HP6 -> 0.14445022 | HR3: CNY兑 USD | HS3: 期末汇率 | HT3: =1/HT6 -> 0.1445212 | HV3: CNY兑 USD | HW3: 期末汇率 | HX3: =1/HX6 -> 0.14571312 | HZ3: CNY兑 USD | IA3: 期末汇率 | IB3: =1/IB6 -> 0.14667918 | ID3: CNY兑 USD | IE3: 期末汇率 | IF3: =1/IF6 -> 0.14682347
K4: 平均汇率 | L4: =1/AVERAGE(L8:L31) -> 0.15698916 | M4: =ROUND(L4,12) -> 0.15698916 | P4: 平均汇率 | Q4: =1/AVERAGE(Q6:Q31) -> 0.1571307 | R4: =ROUND(Q4,12) -> 0.1571307 | U4: 平均汇率 | V4: =1/AVERAGE(V6:V31) -> 0.15755366 | W4: =ROUND(V4,12) -> 0.15755366 | Z4: 平均汇率 | AA4: =1/AVERAGE(AA6:AA31) -> 0.15758649 | AB4: =ROUND(AA4,12) -> 0.15758649 | AE4: 平均汇率 | AF4: =1/AVERAGE(AF6:AF31) -> 0.155569 | AG4: =ROUND(AF4,12) -> 0.155569 | AJ4: 平均汇率 | AK4: =1/AVERAGE(AK6:AK31) -> 0.14909515 | AL4: =ROUND(AK4,12) -> 0.14909515 | AO4: 平均汇率 | AP4: =1/AVERAGE(AP6:AP31) -> 0.14927315 | AQ4: =ROUND(AP4,12) -> 0.14927315 | AT4: 平均汇率 | AU4: =1/AVERAGE(AU6:AU31) -> 0.14853439 | AV4: =ROUND(AU4,12) -> 0.14853439 | AY4: 平均汇率 | AZ4: =1/AVERAGE(AZ6:AZ31) -> 0.14717005 | BA4: =ROUND(AZ4,12) -> 0.14717005 | BD4: 平均汇率 | BE4: =1/AVERAGE(BE6:BE31) -> 0.14363561 | BF4: =ROUND(BE4,12) -> 0.14363561 | BI4: 平均汇率 | BJ4: =1/AVERAGE(BJ6:BJ31) -> 0.14027815 | BN4: 平均汇率 | BO4: =1/AVERAGE(BO6:BO31) -> 0.13961047 | BP4: =ROUND(BO4,12) -> 0.13961047 | BS4: 平均汇率 | BT4: =1/AVERAGE(BT6:BT31) -> 0.14319961 | BU4: =ROUND(BT4,12) -> 0.14319961 | BW4: 平均汇率 | BX4: =1/AVERAGE(BX6:BX31) -> 0.14711115 | BY4: =ROUND(BX4,12) -> 0.14711115 | CA4: 平均汇率 | CB4: =1/AVERAGE(CB6:CB31) -> 0.14642178 | CE4: 平均汇率 | CF4: =1/AVERAGE(CF6:CF31) -> 0.14496636 | CI4: 平均汇率 | CJ4: =1/AVERAGE(CJ6:CJ31) -> 0.14523973 | CM4: 平均汇率 | CN4: =1/AVERAGE(CN6:CN31) -> 0.14303706 | CQ4: 平均汇率 | CR4: =1/AVERAGE(CR6:CR31) -> 0.13987569 | CU4: 平均汇率 | CV4: =1/AVERAGE(CV6:CV31) -> 0.1396284 | CY4: 平均汇率 | CZ4: =1/AVERAGE(CZ6:CZ31) -> 0.13940644 | DC4: 平均汇率 | DD4: =1/AVERAGE(DD6:DD31) -> 0.13920025 | DG4: 平均汇率 | DH4: =1/AVERAGE(DH6:DH31) -> 0.13930247 | DK4: 平均汇率 | DL4: =1/AVERAGE(DL6:DL31) -> 0.13977492 | DO4: 平均汇率 | DP4: =1/AVERAGE(DP6:DP31) -> 0.14076812 | DS4: 平均汇率 | DT4: =1/AVERAGE(DT6:DT31) -> 0.14072445 | DW4: 平均汇率 | DX4: =1/AVERAGE(DX6:DX31) -> 0.1407441 | EA4: 平均汇率 | EB4: =1/AVERAGE(EB6:EB31) -> 0.14088873 | EE4: 平均汇率 | EF4: =1/AVERAGE(EF6:EF31) -> 0.14083198 | EI4: 平均汇率 | EJ4: =1/AVERAGE(EJ6:EJ31) -> 0.14073278 | EM4: 平均汇率 | EN4: =1/AVERAGE(EN6:EN31) -> 0.14052454 | EQ4: 平均汇率 | ER4: =1/AVERAGE(ER6:ER31) -> 0.14022193 | EU4: 平均汇率 | EV4: =1/AVERAGE(EV6:EV31) -> 0.14016917 | EY4: 平均汇率 | EZ4: =1/AVERAGE(EZ6:EZ31) -> 0.14126173 | FC4: 平均汇率 | FD4: =1/AVERAGE(FD6:FD31) -> 0.14073011 | FG4: 平均汇率 | FH4: =1/AVERAGE(FH6:FH31) -> 0.13941344 | FK4: 平均汇率 | FL4: =1/AVERAGE(FL6:FL31) -> 0.13910818 | FO4: 平均汇率 | FP4: =1/AVERAGE(FP6:FP31) -> 0.1391156 | FS4: 平均汇率 | FT4: =1/AVERAGE(FT6:FT31) -> 0.13944776 | FW4: 平均汇率 | FX4: =1/AVERAGE(FX6:FX31) -> 0.13939762 | GA4: 平均汇率 | GB4: =1/AVERAGE(GB6:GB31) -> 0.13882388 | GE4: 平均汇率 | GF4: =1/AVERAGE(GF6:GF31) -> 0.13898449 | GI4: 平均汇率 | GJ4: =1/AVERAGE(GJ6:GJ31) -> 0.13935952 | GM4: 平均汇率 | GN4: =1/AVERAGE(GN6:GN31) -> 0.13987792 | GQ4: 平均汇率 | GR4: =1/AVERAGE(GR6:GR31) -> 0.140234 | GU4: 平均汇率 | GV4: =1/AVERAGE(GV6:GV31) -> 0.14070995 | GY4: 平均汇率 | GZ4: =1/AVERAGE(GZ6:GZ31) -> 0.14094818 | HC4: 平均汇率 | HD4: =1/AVERAGE(HD6:HD31) -> 0.14114724 | HG4: 平均汇率 | HH4: =1/AVERAGE(HH6:HH31) -> 0.14165615 | HK4: 平均汇率 | HL4: =1/AVERAGE(HL6:HL31) -> 0.14282531 | HO4: 平均汇率 | HP4: =1/AVERAGE(HP6:HP31) -> 0.14396464 | HS4: 平均汇率 | HT4: =1/AVERAGE(HT6:HT31) -> 0.14485005 | HW4: 平均汇率 | HX4: =1/AVERAGE(HX6:HX31) -> 0.14559613 | IA4: 平均汇率 | IB4: =1/AVERAGE(IB6:IB31) -> 0.14623054 | IE4: 平均汇率 | IF4: =1/AVERAGE(IF6:IF31) -> 0.14672704
A5: 日期 | B5: 美元 | F5: 日期 | G5: 美元 | J5: 日期 | K5: 美元 | O5: 日期 | P5: 美元 | T5: 日期 | U5: 美元 | Y5: 日期 | Z5: 美元 | AD5: 日期 | AE5: 美元 | AI5: 日期 | AJ5: 美元 | AN5: 日期 | AO5: 美元 | AS5: 日期 | AT5: 美元 | AX5: 日期 | AY5: 美元 | BC5: 日期 | BD5: 美元 | BH5: 日期 | BI5: 美元 | BM5: 日期 | BN5: 美元 | BR5: 日期 | BS5: 美元 | BV5: 日期 | BW5: 美元 | CA5: 日期 | CB5: 美元 | CE5: 日期 | CF5: 美元 | CI5: 日期 | CJ5: 美元 | CM5: 日期 | CN5: 美元 | CQ5: 日期 | CR5: 美元 | CU5: 日期 | CV5: 美元 | CY5: 日期 | CZ5: 美元 | DC5: 日期 | DD5: 美元 | DG5: 日期 | DH5: 美元 | DK5: 日期 | DL5: 美元 | DO5: 日期 | DP5: 美元 | DS5: 日期 | DT5: 美元 | DW5: 日期 | DX5: 美元 | EA5: 日期 | EB5: 美元 | EE5: 日期 | EF5: 美元 | EI5: 日期 | EJ5: 美元 | EM5: 日期 | EN5: 美元 | EQ5: 日期 | ER5: 美元 | EU5: 日期 | EV5: 美元 | EY5: 日期 | EZ5: 美元 | FC5: 日期 | FD5: 美元 | FG5: 日期 | FH5: 美元 | FK5: 日期 | FL5: 美元 | FO5: 日期 | FP5: 美元 | FS5: 日期 | FT5: 美元 | FW5: 日期 | FX5: 美元 | GA5: 日期 | GB5: 美元 | GE5: 日期 | GF5: 美元 | GI5: 日期 | GJ5: 美元 | GM5: 日期 | GN5: 美元 | GQ5: 日期 | GR5: 美元 | GU5: 日期 | GV5: 美元 | GY5: 日期 | GZ5: 美元 | HC5: 日期 | HD5: 美元 | HG5: 日期 | HH5: 美元 | HK5: 日期 | HL5: 美元 | HO5: 日期 | HP5: 美元 | HS5: 日期 | HT5: 美元 | HW5: 日期 | HX5: 美元 | IA5: 日期 | IB5: 美元 | IE5: 日期 | IF5: 美元
A6: ='欧元 '!A6 -> 2021-10-29 | B6: 639.07 | C6: =B6/100 -> 6.3907 | F6: 2021-11-30 | G6: 637.94 | H6: =G6/100 -> 6.3794 | J6: 2021-12-31 | K6: 637.57 | L6: =K6/100 -> 6.3757 | O6: 2022-01-21 | P6: 634.92 | Q6: =P6/100 -> 6.3492 | T6: 2022-02-28 | U6: 632.22 | V6: =U6/100 -> 6.3222 | Y6: 2022-03-31 | Z6: 634.82 | AA6: =Z6/100 -> 6.3482 | AD6: 2022-04-29 | AE6: 661.77 | AF6: =AE6/100 -> 6.6177 | AI6: 2022-05-31 | AJ6: 666.07 | AK6: =AJ6/100 -> 6.6607 | AN6: 2022-06-30 | AO6: 671.14 | AP6: =AO6/100 -> 6.7114 | AS6: 2022-07-29 | AT6: 674.37 | AU6: =AT6/100 -> 6.7437 | AX6: 2022-08-31 | AY6: 689.06 | AZ6: =AY6/100 -> 6.8906 | BC6: 2022-09-30 | BD6: 709.98 | BE6: =BD6/100 -> 7.0998 | BH6: 2022-10-31 | BI6: 717.68 | BJ6: =BI6/100 -> 7.1768 | BM6: 2022-11-30 | BN6: 717.69 | BO6: =BN6/100 -> 7.1769 | BR6: 2022-12-30 | BS6: 696.46 | BT6: =BS6/100 -> 6.9646 | BV6: 2023-01-31 | BW6: 676.04 | BX6: =BW6/100 -> 6.7604 | CA6: 44985 | CB6: 6.9519 | CE6: 45016 | CF6: 6.8717 | CI6: 45044 | CJ6: 6.924 | CM6: 45077 | CN6: 7.0821 | CQ6: 45107 | CR6: 7.2258 | CU6: 45138 | CV6: 7.1305 | CY6: 45169 | CZ6: 7.1811 | DC6: 45197 | DD6: 7.1798 | DG6: 45230 | DH6: 7.1779 | DK6: 45260 | DL6: 7.1018 | DO6: 45289 | DP6: 7.0827 | DS6: 45321 | DT6: 7.1055 | DW6: 45351 | DX6: 7.1036 | EA6: 45380 | EB6: 7.095 | EE6: 45412 | EF6: 7.1063 | EI6: 45443 | EJ6: 7.1088 | EM6: 45471 | EN6: 7.1268 | EQ6: 45504 | ER6: 7.1346 | EU6: 45534 | EV6: 7.1124 | EY6: 45565 | EZ6: 7.0074 | FC6: 45596 | FD6: 7.125 | FG6: 45625 | FH6: 7.1877 | FK6: 45657 | FL6: 7.1884 | FO6: 45674 | FP6: 7.1889 | FS6: 45716 | FT6: 7.1738 | FW6: 45747 | FX6: 7.1782 | GA6: 45777 | GB6: 7.2014 | GE6: 45807 | GF6: 7.1848 | GI6: 45838 | GJ6: 7.1586 | GM6: 45869 | GN6: 7.1494 | GQ6: 45898 | GR6: 7.103 | GU6: 45930 | GV6: 7.1055 | GY6: 45961 | GZ6: 7.088 | HC6: 45989 | HD6: 7.0789 | HG6: 46022 | HH6: 7.0288 | HK6: 46052 | HL6: 6.9678 | HO6: 46080 | HP6: 6.9228 | HS6: 46112 | HT6: 6.9194 | HW6: 46142 | HX6: 6.8628 | IA6: 46171 | IB6: 6.8176 | IE6: 46203 | IF6: 6.8109
A7: ='欧元 '!A7 -> 2021-10-28 | B7: 639.57 | C7: =B7/100 -> 6.3957 | F7: 2021-11-29 | G7: 638.72 | H7: =G7/100 -> 6.3872 | J7: 2021-12-30 | K7: 636.74 | L7: =K7/100 -> 6.3674 | O7: 2022-01-20 | P7: 634.85 | Q7: =P7/100 -> 6.3485 | T7: 2022-02-25 | U7: 633.46 | V7: =U7/100 -> 6.3346 | Y7: 2022-03-30 | Z7: 635.66 | AA7: =Z7/100 -> 6.3566 | AD7: 2022-04-28 | AE7: 656.28 | AF7: =AE7/100 -> 6.5628 | AI7: 2022-05-30 | AJ7: 670.48 | AK7: =AJ7/100 -> 6.7048 | AN7: 2022-06-29 | AO7: 670.35 | AP7: =AO7/100 -> 6.7035 | AS7: 2022-07-28 | AT7: 674.11 | AU7: =AT7/100 -> 6.7411 | AX7: 2022-08-30 | AY7: 688.02 | AZ7: =AY7/100 -> 6.8802 | BC7: 2022-09-29 | BD7: 711.02 | BE7: =BD7/100 -> 7.1102 | BH7: 2022-10-28 | BI7: 716.98 | BJ7: =BI7/100 -> 7.1698 | BM7: 2022-11-29 | BN7: 719.89 | BO7: =BN7/100 -> 7.1989 | BR7: 2022-12-29 | BS7: 697.93 | BT7: =BS7/100 -> 6.9793 | BV7: 2023-01-30 | BW7: 676.26 | BX7: =BW7/100 -> 6.7626 | CA7: 44984 | CB7: 6.9572 | CE7: 45015 | CF7: 6.8886 | CI7: 45043 | CJ7: 6.9207 | CM7: 45076 | CN7: 7.0818 | CQ7: 45106 | CR7: 7.2208 | CU7: 45135 | CV7: 7.1338 | CY7: 45168 | CZ7: 7.1816 | DC7: 45196 | DD7: 7.1717 | DG7: 45229 | DH7: 7.1781 | DK7: 45259 | DL7: 7.1031 | DO7: 45288 | DP7: 7.0974 | DS7: 45320 | DT7: 7.1097 | DW7: 45350 | DX7: 7.1075 | EA7: 45379 | EB7: 7.0948 | EE7: 45411 | EF7: 7.1066 | EI7: 45442 | EJ7: 7.1111 | EM7: 45470 | EN7: 7.127 | EQ7: 45503 | ER7: 7.1364 | EU7: 45533 | EV7: 7.1299 | EY7: 45562 | EZ7: 7.0101 | FC7: 45595 | FD7: 7.139 | FG7: 45624 | FH7: 7.1894 | FK7: 45656 | FL7: 7.1889 | FO7: 45673 | FP7: 7.1881 | FS7: 45715 | FT7: 7.174 | FW7: 45744 | FX7: 7.1752 | GA7: 45776 | GB7: 7.2029 | GE7: 45806 | GF7: 7.1907 | GI7: 45835 | GJ7: 7.1627 | GM7: 45868 | GN7: 7.1441 | GQ7: 45897 | GR7: 7.1063 | GU7: 45929 | GV7: 7.1089 | GY7: 45960 | GZ7: 7.0864 | HC7: 45988 | HD7: 7.0779 | HG7: 46021 | HH7: 7.0348 | HK7: 46051 | HL7: 6.9771 | HO7: 46079 | HP7: 6.9228 | HS7: 46111 | HT7: 6.9223 | HW7: 46141 | HX7: 6.8608 | IA7: 46170 | IB7: 6.824 | IE7: 46202 | IF7: 6.8175
A8: ='欧元 '!A8 -> 2021-10-27 | B8: 638.56 | C8: =B8/100 -> 6.3856 | F8: 2021-11-26 | G8: 639.36 | H8: =G8/100 -> 6.3936 | J8: 2021-12-29 | K8: 637.35 | L8: =K8/100 -> 6.3735 | O8: 2022-01-19 | P8: 636.24 | Q8: =P8/100 -> 6.3624 | T8: 2022-02-24 | U8: 632.8 | V8: =U8/100 -> 6.328 | Y8: 2022-03-29 | Z8: 636.4 | AA8: =Z8/100 -> 6.364 | AD8: 2022-04-27 | AE8: 655.98 | AF8: =AE8/100 -> 6.5598 | AI8: 2022-05-27 | AJ8: 673.87 | AK8: =AJ8/100 -> 6.7387 | AN8: 2022-06-28 | AO8: 669.3 | AP8: =AO8/100 -> 6.693 | AS8: 2022-07-27 | AT8: 677.31 | AU8: =AT8/100 -> 6.7731 | AX8: 2022-08-29 | AY8: 686.98 | AZ8: =AY8/100 -> 6.8698 | BC8: 2022-09-28 | BD8: 711.07 | BE8: =BD8/100 -> 7.1107 | BH8: 2022-10-27 | BI8: 715.7 | BJ8: =BI8/100 -> 7.157 | BM8: 2022-11-28 | BN8: 716.17 | BO8: =BN8/100 -> 7.1617 | BR8: 2022-12-28 | BS8: 696.81 | BT8: =BS8/100 -> 6.9681 | BV8: 2023-01-20 | BW8: 677.02 | BX8: =BW8/100 -> 6.7702 | CA8: 44981 | CB8: 6.8942 | CE8: 45014 | CF8: 6.8771 | CI8: 45042 | CJ8: 6.9237 | CM8: 45075 | CN8: 7.0575 | CQ8: 45105 | CR8: 7.2101 | CU8: 45134 | CV8: 7.1265 | CY8: 45167 | CZ8: 7.1851 | DC8: 45195 | DD8: 7.1727 | DG8: 45226 | DH8: 7.1782 | DK8: 45258 | DL8: 7.1132 | DO8: 45287 | DP8: 7.1002 | DS8: 45317 | DT8: 7.1074 | DW8: 45349 | DX8: 7.1057 | EA8: 45378 | EB8: 7.0946 | EE8: 45408 | EF8: 7.1056 | EI8: 45441 | EJ8: 7.1106 | EM8: 45469 | EN8: 7.1248 | EQ8: 45502 | ER8: 7.1316 | EU8: 45532 | EV8: 7.1216 | EY8: 45561 | EZ8: 7.0354 | FC8: 45594 | FD8: 7.1283 | FG8: 45623 | FH8: 7.1982 | FK8: 45653 | FL8: 7.1893 | FO8: 45672 | FP8: 7.1883 | FS8: 45714 | FT8: 7.1732 | FW8: 45743 | FX8: 7.1763 | GA8: 45775 | GB8: 7.2043 | GE8: 45805 | GF8: 7.1894 | GI8: 45834 | GJ8: 7.162 | GM8: 45867 | GN8: 7.1511 | GQ8: 45896 | GR8: 7.1108 | GU8: 45926 | GV8: 7.1152 | GY8: 45959 | GZ8: 7.0843 | HC8: 45987 | HD8: 7.0796 | HG8: 46020 | HH8: 7.0331 | HK8: 46050 | HL8: 6.9755 | HO8: 46078 | HP8: 6.9321 | HS8: 46108 | HT8: 6.9141 | HW8: 46140 | HX8: 6.8589 | IA8: 46169 | IB8: 6.8291 | IE8: 46199 | IF8: 6.8166
A9: ='欧元 '!A9 -> 2021-10-26 | B9: 638.9 | C9: =B9/100 -> 6.389 | F9: 2021-11-25 | G9: 639.8 | H9: =G9/100 -> 6.398 | J9: 2021-12-28 | K9: 637.28 | L9: =K9/100 -> 6.3728 | O9: 2022-01-18 | P9: 635.21 | Q9: =P9/100 -> 6.3521 | T9: 2022-02-23 | U9: 633.13 | V9: =U9/100 -> 6.3313 | Y9: 2022-03-28 | Z9: 637.32 | AA9: =Z9/100 -> 6.3732 | AD9: 2022-04-26 | AE9: 655.9 | AF9: =AE9/100 -> 6.559 | AI9: 2022-05-26 | AJ9: 667.66 | AK9: =AJ9/100 -> 6.6766 | AN9: 2022-06-27 | AO9: 668.5 | AP9: =AO9/100 -> 6.685 | AS9: 2022-07-26 | AT9: 674.83 | AU9: =AT9/100 -> 6.7483 | AX9: 2022-08-26 | AY9: 684.86 | AZ9: =AY9/100 -> 6.8486 | BC9: 2022-09-27 | BD9: 707.22 | BE9: =BD9/100 -> 7.0722 | BH9: 2022-10-26 | BI9: 716.38 | BJ9: =BI9/100 -> 7.1638 | BM9: 2022-11-25 | BN9: 713.39 | BO9: =BN9/100 -> 7.1339 | BR9: 2022-12-27 | BS9: 695.46 | BT9: =BS9/100 -> 6.9546 | BV9: 2023-01-19 | BW9: 676.74 | BX9: =BW9/100 -> 6.7674 | CA9: 44980 | CB9: 6.9028 | CE9: 45013 | CF9: 6.8749 | CI9: 45041 | CJ9: 6.8847 | CM9: 45072 | CN9: 7.076 | CQ9: 45104 | CR9: 7.2098 | CU9: 45133 | CV9: 7.1295 | CY9: 45166 | CZ9: 7.1856 | DC9: 45194 | DD9: 7.1727 | DG9: 45225 | DH9: 7.1784 | DK9: 45257 | DL9: 7.1159 | DO9: 45286 | DP9: 7.0965 | DS9: 45316 | DT9: 7.1044 | DW9: 45348 | DX9: 7.108 | EA9: 45377 | EB9: 7.0943 | EE9: 45407 | EF9: 7.1058 | EI9: 45440 | EJ9: 7.1101 | EM9: 45468 | EN9: 7.1225 | EQ9: 45499 | ER9: 7.127 | EU9: 45531 | EV9: 7.1249 | EY9: 45560 | EZ9: 7.0202 | FC9: 45593 | FD9: 7.1307 | FG9: 45622 | FH9: 7.191 | FK9: 45652 | FL9: 7.1897 | FO9: 45671 | FP9: 7.1878 | FS9: 45713 | FT9: 7.1726 | FW9: 45742 | FX9: 7.1754 | GA9: 45772 | GB9: 7.2066 | GE9: 45804 | GF9: 7.1876 | GI9: 45833 | GJ9: 7.1668 | GM9: 45866 | GN9: 7.1467 | GQ9: 45895 | GR9: 7.1188 | GU9: 45925 | GV9: 7.1118 | GY9: 45958 | GZ9: 7.0856 | HC9: 45986 | HD9: 7.0826 | HG9: 46017 | HH9: 7.0358 | HK9: 46049 | HL9: 6.9858 | HO9: 46077 | HP9: 6.9414 | HS9: 46107 | HT9: 6.9056 | HW9: 46139 | HX9: 6.8579 | IA9: 46168 | IB9: 6.8288 | IE9: 46198 | IF9: 6.8209
A10: ='欧元 '!A10 -> 2021-10-25 | B10: 639.24 | C10: =B10/100 -> 6.3924 | F10: 2021-11-24 | G10: 639.03 | H10: =G10/100 -> 6.3903 | J10: 2021-12-27 | K10: 636.86 | L10: =K10/100 -> 6.3686 | O10: 2022-01-17 | P10: 635.99 | Q10: =P10/100 -> 6.3599 | T10: 2022-02-22 | U10: 634.87 | V10: =U10/100 -> 6.3487 | Y10: 2022-03-25 | Z10: 637.39 | AA10: =Z10/100 -> 6.3739 | AD10: 2022-04-25 | AE10: 649.09 | AF10: =AE10/100 -> 6.4909 | AI10: 2022-05-25 | AJ10: 665.5 | AK10: =AJ10/100 -> 6.655 | AN10: 2022-06-24 | AO10: 670.0 | AP10: =AO10/100 -> 6.7 | AS10: 2022-07-25 | AT10: 675.43 | AU10: =AT10/100 -> 6.7543 | AX10: 2022-08-25 | AY10: 685.36 | AZ10: =AY10/100 -> 6.8536 | BC10: 2022-09-26 | BD10: 702.98 | BE10: =BD10/100 -> 7.0298 | BH10: 2022-10-25 | BI10: 716.68 | BJ10: =BI10/100 -> 7.1668 | BM10: 2022-11-24 | BN10: 712.01 | BO10: =BN10/100 -> 7.1201 | BR10: 2022-12-26 | BS10: 698.25 | BT10: =BS10/100 -> 6.9825 | BV10: 2023-01-18 | BW10: 676.02 | BX10: =BW10/100 -> 6.7602 | CA10: 44979 | CB10: 6.8759 | CE10: 45012 | CF10: 6.8714 | CI10: 45040 | CJ10: 6.8835 | CM10: 45071 | CN10: 7.0529 | CQ10: 45103 | CR10: 7.2056 | CU10: 45132 | CV10: 7.1406 | CY10: 45163 | CZ10: 7.1883 | DC10: 45191 | DD10: 7.1729 | DG10: 45224 | DH10: 7.1785 | DK10: 45254 | DL10: 7.1151 | DO10: 45285 | DP10: 7.101 | DS10: 45315 | DT10: 7.1053 | DW10: 45345 | DX10: 7.1064 | EA10: 45376 | EB10: 7.0996 | EE10: 45406 | EF10: 7.1048 | EI10: 45439 | EJ10: 7.1091 | EM10: 45467 | EN10: 7.1201 | EQ10: 45498 | ER10: 7.1321 | EU10: 45530 | EV10: 7.1139 | EY10: 45559 | EZ10: 7.051 | FC10: 45590 | FD10: 7.109 | FG10: 45621 | FH10: 7.1918 | FK10: 45651 | FL10: 7.1868 | FO10: 45670 | FP10: 7.1885 | FS10: 45712 | FT10: 7.1717 | FW10: 45741 | FX10: 7.1788 | GA10: 45771 | GB10: 7.2098 | GE10: 45803 | GF10: 7.1833 | GI10: 45832 | GJ10: 7.1656 | GM10: 45863 | GN10: 7.1419 | GQ10: 45894 | GR10: 7.1161 | GU10: 45924 | GV10: 7.1077 | GY10: 45957 | GZ10: 7.0881 | HC10: 45985 | HD10: 7.0847 | HG10: 46016 | HH10: 7.0392 | HK10: 46048 | HL10: 6.9843 | HO10: 46066 | HP10: 6.9398 | HS10: 46106 | HT10: 6.8911 | HW10: 46136 | HX10: 6.8674 | IA10: 46167 | IB10: 6.8318 | IE10: 46197 | IF10: 6.8195
A11: ='欧元 '!A11 -> 2021-10-22 | B11: 640.32 | C11: =B11/100 -> 6.4032 | F11: 2021-11-23 | G11: 639.29 | H11: =G11/100 -> 6.3929 | J11: 2021-12-24 | K11: 636.92 | L11: =K11/100 -> 6.3692 | O11: 2022-01-14 | P11: 636.77 | Q11: =P11/100 -> 6.3677 | T11: 2022-02-21 | U11: 634.01 | V11: =U11/100 -> 6.3401 | Y11: 2022-03-24 | Z11: 636.4 | AA11: =Z11/100 -> 6.364 | AD11: 2022-04-22 | AE11: 645.96 | AF11: =AE11/100 -> 6.4596 | AI11: 2022-05-24 | AJ11: 665.66 | AK11: =AJ11/100 -> 6.6566 | AN11: 2022-06-23 | AO11: 670.79 | AP11: =AO11/100 -> 6.7079 | AS11: 2022-07-22 | AT11: 675.22 | AU11: =AT11/100 -> 6.7522 | AX11: 2022-08-24 | AY11: 683.88 | AZ11: =AY11/100 -> 6.8388 | BC11: 2022-09-23 | BD11: 699.2 | BE11: =BD11/100 -> 6.992 | BH11: 2022-10-24 | BI11: 712.3 | BJ11: =BI11/100 -> 7.123 | BM11: 2022-11-23 | BN11: 712.81 | BO11: =BN11/100 -> 7.1281 | BR11: 2022-12-23 | BS11: 698.1 | BT11: =BS11/100 -> 6.981 | BV11: 2023-01-17 | BW11: 672.22 | BX11: =BW11/100 -> 6.7222 | CA11: 44978 | CB11: 6.8557 | CE11: 45009 | CF11: 6.8374 | CI11: 45037 | CJ11: 6.8752 | CM11: 45070 | CN11: 7.056 | CQ11: 45098 | CR11: 7.1795 | CU11: 45131 | CV11: 7.1451 | CY11: 45162 | CZ11: 7.1886 | DC11: 45190 | DD11: 7.173 | DG11: 45223 | DH11: 7.1786 | DK11: 45253 | DL11: 7.1212 | DO11: 45282 | DP11: 7.0953 | DS11: 45314 | DT11: 7.1117 | DW11: 45344 | DX11: 7.1018 | EA11: 45373 | EB11: 7.1004 | EE11: 45405 | EF11: 7.1059 | EI11: 45436 | EJ11: 7.1102 | EM11: 45464 | EN11: 7.1196 | EQ11: 45497 | ER11: 7.1358 | EU11: 45527 | EV11: 7.1358 | EY11: 45558 | EZ11: 7.0531 | FC11: 45589 | FD11: 7.1286 | FG11: 45618 | FH11: 7.1942 | FK11: 45650 | FL11: 7.1876 | FO11: 45667 | FP11: 7.1891 | FS11: 45709 | FT11: 7.1696 | FW11: 45740 | FX11: 7.178 | GA11: 45770 | GB11: 7.2116 | GE11: 45800 | GF11: 7.1919 | GI11: 45831 | GJ11: 7.171 | GM11: 45862 | GN11: 7.1385 | GQ11: 45891 | GR11: 7.1321 | GU11: 45923 | GV11: 7.1057 | GY11: 45954 | GZ11: 7.0928 | HC11: 45982 | HD11: 7.0875 | HG11: 46015 | HH11: 7.0471 | HK11: 46045 | HL11: 6.9929 | HO11: 46065 | HP11: 6.9457 | HS11: 46105 | HT11: 6.8943 | HW11: 46135 | HX11: 6.865 | IA11: 46164 | IB11: 6.8373 | IE11: 46196 | IF11: 6.8171
A12: ='欧元 '!A12 -> 2021-10-21 | B12: 638.9 | C12: =B12/100 -> 6.389 | F12: 2021-11-22 | G12: 639.52 | H12: =G12/100 -> 6.3952 | J12: 2021-12-23 | K12: 636.51 | L12: =K12/100 -> 6.3651 | O12: 2022-01-13 | P12: 635.42 | Q12: =P12/100 -> 6.3542 | T12: 2022-02-18 | U12: 633.43 | V12: =U12/100 -> 6.3343 | Y12: 2022-03-23 | Z12: 635.58 | AA12: =Z12/100 -> 6.3558 | AD12: 2022-04-21 | AE12: 640.98 | AF12: =AE12/100 -> 6.4098 | AI12: 2022-05-23 | AJ12: 667.56 | AK12: =AJ12/100 -> 6.6756 | AN12: 2022-06-22 | AO12: 671.09 | AP12: =AO12/100 -> 6.7109 | AS12: 2022-07-21 | AT12: 676.2 | AU12: =AT12/100 -> 6.762 | AX12: 2022-08-23 | AY12: 685.23 | AZ12: =AY12/100 -> 6.8523 | BC12: 2022-09-22 | BD12: 697.98 | BE12: =BD12/100 -> 6.9798 | BH12: 2022-10-21 | BI12: 711.86 | BJ12: =BI12/100 -> 7.1186 | BM12: 2022-11-22 | BN12: 716.67 | BO12: =BN12/100 -> 7.1667 | BR12: 2022-12-22 | BS12: 697.13 | BT12: =BS12/100 -> 6.9713 | BV12: 2023-01-16 | BW12: 671.35 | BX12: =BW12/100 -> 6.7135 | CA12: 44977 | CB12: 6.8643 | CE12: 45008 | CF12: 6.8709 | CI12: 45036 | CJ12: 6.8987 | CM12: 45069 | CN12: 7.0326 | CQ12: 45097 | CR12: 7.1596 | CU12: 45128 | CV12: 7.1456 | CY12: 45161 | CZ12: 7.1988 | DC12: 45189 | DD12: 7.1732 | DG12: 45222 | DH12: 7.1792 | DK12: 45252 | DL12: 7.1254 | DO12: 45281 | DP12: 7.1012 | DS12: 45313 | DT12: 7.1105 | DW12: 45343 | DX12: 7.103 | EA12: 45372 | EB12: 7.0942 | EE12: 45404 | EF12: 7.1043 | EI12: 45435 | EJ12: 7.1098 | EM12: 45463 | EN12: 7.1192 | EQ12: 45496 | ER12: 7.1334 | EU12: 45526 | EV12: 7.1228 | EY12: 45555 | EZ12: 7.0644 | FC12: 45588 | FD12: 7.1245 | FG12: 45617 | FH12: 7.1934 | FK12: 45649 | FL12: 7.187 | FO12: 45666 | FP12: 7.1886 | FS12: 45708 | FT12: 7.1712 | FW12: 45737 | FX12: 7.176 | GA12: 45769 | GB12: 7.2074 | GE12: 45799 | GF12: 7.1903 | GI12: 45828 | GJ12: 7.1695 | GM12: 45861 | GN12: 7.1414 | GQ12: 45890 | GR12: 7.1287 | GU12: 45922 | GV12: 7.1106 | GY12: 45953 | GZ12: 7.0918 | HC12: 45981 | HD12: 7.0905 | HG12: 46014 | HH12: 7.0523 | HK12: 46044 | HL12: 7.0019 | HO12: 46064 | HP12: 6.9438 | HS12: 46104 | HT12: 6.9041 | HW12: 46134 | HX12: 6.8635 | IA12: 46163 | IB12: 6.8349 | IE12: 46195 | IF12: 6.815
A13: ='欧元 '!A13 -> 2021-10-20 | B13: 640.69 | C13: =B13/100 -> 6.4069 | F13: 2021-11-19 | G13: 638.25 | H13: =G13/100 -> 6.3825 | J13: 2021-12-22 | K13: 637.03 | L13: =K13/100 -> 6.3703 | O13: 2022-01-12 | P13: 636.58 | Q13: =P13/100 -> 6.3658 | T13: 2022-02-17 | U13: 633.21 | V13: =U13/100 -> 6.3321 | Y13: 2022-03-22 | Z13: 636.64 | AA13: =Z13/100 -> 6.3664 | AD13: 2022-04-20 | AE13: 639.96 | AF13: =AE13/100 -> 6.3996 | AI13: 2022-05-20 | AJ13: 674.87 | AK13: =AJ13/100 -> 6.7487 | AN13: 2022-06-21 | AO13: 668.51 | AP13: =AO13/100 -> 6.6851 | AS13: 2022-07-20 | AT13: 674.65 | AU13: =AT13/100 -> 6.7465 | AX13: 2022-08-22 | AY13: 681.98 | AZ13: =AY13/100 -> 6.8198 | BC13: 2022-09-21 | BD13: 695.36 | BE13: =BD13/100 -> 6.9536 | BH13: 2022-10-20 | BI13: 711.88 | BJ13: =BI13/100 -> 7.1188 | BM13: 2022-11-21 | BN13: 712.56 | BO13: =BN13/100 -> 7.1256 | BR13: 2022-12-21 | BS13: 696.5 | BT13: =BS13/100 -> 6.965 | BV13: 2023-01-13 | BW13: 672.92 | BX13: =BW13/100 -> 6.7292 | CA13: 44974 | CB13: 6.8659 | CE13: 45007 | CF13: 6.8715 | CI13: 45035 | CJ13: 6.8731 | CM13: 45068 | CN13: 7.0157 | CQ13: 45096 | CR13: 7.1201 | CU13: 45127 | CV13: 7.1466 | CY13: 45160 | CZ13: 7.1992 | DC13: 45188 | DD13: 7.1733 | DG13: 45219 | DH13: 7.1793 | DK13: 45251 | DL13: 7.1406 | DO13: 45280 | DP13: 7.0966 | DS13: 45310 | DT13: 7.1167 | DW13: 45342 | DX13: 7.1068 | EA13: 45371 | EB13: 7.0968 | EE13: 45401 | EF13: 7.1046 | EI13: 45434 | EJ13: 7.1077 | EM13: 45462 | EN13: 7.1159 | EQ13: 45495 | ER13: 7.1335 | EU13: 45525 | EV13: 7.1307 | EY13: 45554 | EZ13: 7.0983 | FC13: 45587 | FD13: 7.1223 | FG13: 45616 | FH13: 7.1935 | FK13: 45646 | FL13: 7.1901 | FO13: 45665 | FP13: 7.1887 | FS13: 45707 | FT13: 7.1705 | FW13: 45736 | FX13: 7.1754 | GA13: 45768 | GB13: 7.2055 | GE13: 45798 | GF13: 7.1937 | GI13: 45827 | GJ13: 7.1729 | GM13: 45860 | GN13: 7.146 | GQ13: 45889 | GR13: 7.1384 | GU13: 45919 | GV13: 7.1128 | GY13: 45952 | GZ13: 7.0954 | HC13: 45980 | HD13: 7.0872 | HG13: 46013 | HH13: 7.0572 | HK13: 46043 | HL13: 7.0014 | HO13: 46063 | HP13: 6.9458 | HS13: 46101 | HT13: 6.8898 | HW13: 46133 | HX13: 6.8594 | IA13: 46162 | IB13: 6.8397 | IE13: 46191 | IF13: 6.813
A14: ='欧元 '!A14 -> 2021-10-19 | B14: 643.07 | C14: =B14/100 -> 6.4307 | F14: 2021-11-18 | G14: 638.03 | H14: =G14/100 -> 6.3803 | J14: 2021-12-21 | K14: 637.29 | L14: =K14/100 -> 6.3729 | O14: 2022-01-11 | P14: 636.84 | Q14: =P14/100 -> 6.3684 | T14: 2022-02-16 | U14: 634.63 | V14: =U14/100 -> 6.3463 | Y14: 2022-03-21 | Z14: 636.77 | AA14: =Z14/100 -> 6.3677 | AD14: 2022-04-19 | AE14: 637.2 | AF14: =AE14/100 -> 6.372 | AI14: 2022-05-19 | AJ14: 675.24 | AK14: =AJ14/100 -> 6.7524 | AN14: 2022-06-20 | AO14: 671.2 | AP14: =AO14/100 -> 6.712 | AS14: 2022-07-19 | AT14: 674.51 | AU14: =AT14/100 -> 6.7451 | AX14: 2022-08-19 | AY14: 680.65 | AZ14: =AY14/100 -> 6.8065 | BC14: 2022-09-20 | BD14: 694.68 | BE14: =BD14/100 -> 6.9468 | BH14: 2022-10-19 | BI14: 711.05 | BJ14: =BI14/100 -> 7.1105 | BM14: 2022-11-18 | BN14: 710.91 | BO14: =BN14/100 -> 7.1091 | BR14: 2022-12-20 | BS14: 698.61 | BT14: =BS14/100 -> 6.9861 | BV14: 2023-01-12 | BW14: 676.8 | BX14: =BW14/100 -> 6.768 | CA14: 44973 | CB14: 6.8519 | CE14: 45006 | CF14: 6.8763 | CI14: 45034 | CJ14: 6.8814 | CM14: 45065 | CN14: 7.0356 | CQ14: 45093 | CR14: 7.1289 | CU14: 45126 | CV14: 7.1486 | CY14: 45159 | CZ14: 7.1987 | DC14: 45187 | DD14: 7.1736 | DG14: 45218 | DH14: 7.1795 | DK14: 45250 | DL14: 7.1612 | DO14: 45279 | DP14: 7.0982 | DS14: 45309 | DT14: 7.1174 | DW14: 45341 | DX14: 7.1032 | EA14: 45370 | EB14: 7.0985 | EE14: 45400 | EF14: 7.102 | EI14: 45433 | EJ14: 7.1069 | EM14: 45461 | EN14: 7.1148 | EQ14: 45492 | ER14: 7.1315 | EU14: 45524 | EV14: 7.1325 | EY14: 45553 | EZ14: 7.087 | FC14: 45586 | FD14: 7.0982 | FG14: 45615 | FH14: 7.1911 | FK14: 45645 | FL14: 7.1911 | FO14: 45664 | FP14: 7.1879 | FS14: 45706 | FT14: 7.1697 | FW14: 45735 | FX14: 7.1697 | GA14: 45765 | GB14: 7.2069 | GE14: 45797 | GF14: 7.1931 | GI14: 45826 | GJ14: 7.1761 | GM14: 45859 | GN14: 7.1522 | GQ14: 45888 | GR14: 7.1359 | GU14: 45918 | GV14: 7.1085 | GY14: 45951 | GZ14: 7.093 | HC14: 45979 | HD14: 7.0856 | HG14: 46010 | HH14: 7.055 | HK14: 46042 | HL14: 7.0006 | HO14: 46062 | HP14: 6.9523 | HS14: 46100 | HT14: 6.8975 | HW14: 46132 | HX14: 6.8648 | IA14: 46161 | IB14: 6.8375 | IE14: 46190 | IF14: 6.8096
A15: ='欧元 '!A15 -> 2021-10-18 | B15: 643.0 | C15: =B15/100 -> 6.43 | F15: 2021-11-17 | G15: 639.35 | H15: =G15/100 -> 6.3935 | J15: 2021-12-20 | K15: 639.33 | L15: =K15/100 -> 6.3933 | O15: 2022-01-10 | P15: 636.53 | Q15: =P15/100 -> 6.3653 | T15: 2022-02-15 | U15: 636.05 | V15: =U15/100 -> 6.3605 | Y15: 2022-03-18 | Z15: 634.25 | AA15: =Z15/100 -> 6.3425 | AD15: 2022-04-18 | AE15: 637.63 | AF15: =AE15/100 -> 6.3763 | AI15: 2022-05-18 | AJ15: 674.21 | AK15: =AJ15/100 -> 6.7421 | AN15: 2022-06-17 | AO15: 669.23 | AP15: =AO15/100 -> 6.6923 | AS15: 2022-07-18 | AT15: 674.47 | AU15: =AT15/100 -> 6.7447 | AX15: 2022-08-18 | AY15: 678.02 | AZ15: =AY15/100 -> 6.7802 | BC15: 2022-09-19 | BD15: 693.96 | BE15: =BD15/100 -> 6.9396 | BH15: 2022-10-18 | BI15: 710.86 | BJ15: =BI15/100 -> 7.1086 | BM15: 2022-11-17 | BN15: 706.55 | BO15: =BN15/100 -> 7.0655 | BR15: 2022-12-19 | BS15: 697.46 | BT15: =BS15/100 -> 6.9746 | BV15: 2023-01-11 | BW15: 677.56 | BX15: =BW15/100 -> 6.7756 | CA15: 44972 | CB15: 6.8183 | CE15: 45005 | CF15: 6.8694 | CI15: 45033 | CJ15: 6.8679 | CM15: 45064 | CN15: 6.9967 | CQ15: 45092 | CR15: 7.1489 | CU15: 45125 | CV15: 7.1453 | CY15: 45156 | CZ15: 7.2006 | DC15: 45184 | DD15: 7.1786 | DG15: 45217 | DH15: 7.1795 | DK15: 45247 | DL15: 7.1728 | DO15: 45278 | DP15: 7.0933 | DS15: 45308 | DT15: 7.1168 | DW15: 45331 | DX15: 7.1036 | EA15: 45369 | EB15: 7.0943 | EE15: 45399 | EF15: 7.1025 | EI15: 45432 | EJ15: 7.1042 | EM15: 45460 | EN15: 7.1149 | EQ15: 45491 | ER15: 7.1285 | EU15: 45523 | EV15: 7.1415 | EY15: 45548 | EZ15: 7.103 | FC15: 45583 | FD15: 7.1274 | FG15: 45614 | FH15: 7.1907 | FK15: 45644 | FL15: 7.188 | FO15: 45663 | FP15: 7.1876 | FS15: 45705 | FT15: 7.1702 | FW15: 45734 | FX15: 7.1733 | GA15: 45764 | GB15: 7.2085 | GE15: 45796 | GF15: 7.1916 | GI15: 45825 | GJ15: 7.1746 | GM15: 45856 | GN15: 7.1498 | GQ15: 45887 | GR15: 7.1322 | GU15: 45917 | GV15: 7.1013 | GY15: 45950 | GZ15: 7.0973 | HC15: 45978 | HD15: 7.0816 | HG15: 46009 | HH15: 7.0583 | HK15: 46041 | HL15: 7.0051 | HO15: 46059 | HP15: 6.959 | HS15: 46099 | HT15: 6.8909 | HW15: 46129 | HX15: 6.8622 | IA15: 46160 | IB15: 6.8435 | IE15: 46189 | IF15: 6.8108
A16: ='欧元 '!A16 -> 2021-10-15 | B16: 643.86 | C16: =B16/100 -> 6.4386 | F16: 2021-11-16 | G16: 639.24 | H16: =G16/100 -> 6.3924 | J16: 2021-12-17 | K16: 636.51 | L16: =K16/100 -> 6.3651 | O16: 2022-01-07 | P16: 637.42 | Q16: =P16/100 -> 6.3742 | T16: 2022-02-14 | U16: 636.64 | V16: =U16/100 -> 6.3664 | Y16: 2022-03-17 | Z16: 634.06 | AA16: =Z16/100 -> 6.3406 | AD16: 2022-04-15 | AE16: 638.96 | AF16: =AE16/100 -> 6.3896 | AI16: 2022-05-17 | AJ16: 678.54 | AK16: =AJ16/100 -> 6.7854 | AN16: 2022-06-16 | AO16: 670.99 | AP16: =AO16/100 -> 6.7099 | AS16: 2022-07-15 | AT16: 675.03 | AU16: =AT16/100 -> 6.7503 | AX16: 2022-08-17 | AY16: 678.63 | AZ16: =AY16/100 -> 6.7863 | BC16: 2022-09-16 | BD16: 693.05 | BE16: =BD16/100 -> 6.9305 | BH16: 2022-10-17 | BI16: 710.95 | BJ16: =BI16/100 -> 7.1095 | BM16: 2022-11-16 | BN16: 703.63 | BO16: =BN16/100 -> 7.0363 | BR16: 2022-12-16 | BS16: 697.91 | BT16: =BS16/100 -> 6.9791 | BV16: 2023-01-10 | BW16: 676.11 | BX16: =BW16/100 -> 6.7611 | CA16: 44971 | CB16: 6.8136 | CE16: 45002 | CF16: 6.9052 | CI16: 45030 | CJ16: 6.8606 | CM16: 45063 | CN16: 6.9748 | CQ16: 45091 | CR16: 7.1566 | CU16: 45124 | CV16: 7.1326 | CY16: 45155 | CZ16: 7.2076 | DC16: 45183 | DD16: 7.1874 | DG16: 45216 | DH16: 7.1796 | DK16: 45246 | DL16: 7.1724 | DO16: 45275 | DP16: 7.0957 | DS16: 45307 | DT16: 7.1134 | DW16: 45330 | DX16: 7.1063 | EA16: 45366 | EB16: 7.0975 | EE16: 45398 | EF16: 7.1028 | EI16: 45429 | EJ16: 7.1045 | EM16: 45457 | EN16: 7.1151 | EQ16: 45490 | ER16: 7.1318 | EU16: 45520 | EV16: 7.1464 | EY16: 45547 | EZ16: 7.1214 | FC16: 45582 | FD16: 7.122 | FG16: 45611 | FH16: 7.1992 | FK16: 45643 | FL16: 7.1891 | FO16: 45660 | FP16: 7.1878 | FS16: 45702 | FT16: 7.1706 | FW16: 45733 | FX16: 7.1688 | GA16: 45763 | GB16: 7.2133 | GE16: 45793 | GF16: 7.1938 | GI16: 45824 | GJ16: 7.1789 | GM16: 45855 | GN16: 7.1461 | GQ16: 45884 | GR16: 7.1371 | GU16: 45916 | GV16: 7.1027 | GY16: 45947 | GZ16: 7.0949 | HC16: 45975 | HD16: 7.0825 | HG16: 46008 | HH16: 7.0573 | HK16: 46038 | HL16: 7.0078 | HO16: 46058 | HP16: 6.957 | HS16: 46098 | HT16: 6.8961 | HW16: 46128 | HX16: 6.8616 | IA16: 46157 | IB16: 6.8415 | IE16: 46188 | IF16: 6.8088
A17: ='欧元 '!A17 -> 2021-10-14 | B17: 644.14 | C17: =B17/100 -> 6.4414 | F17: 2021-11-15 | G17: 638.96 | H17: =G17/100 -> 6.3896 | J17: 2021-12-16 | K17: 636.37 | L17: =K17/100 -> 6.3637 | O17: 2022-01-06 | P17: 637.28 | Q17: =P17/100 -> 6.3728 | T17: 2022-02-11 | U17: 636.81 | V17: =U17/100 -> 6.3681 | Y17: 2022-03-16 | Z17: 638.0 | AA17: =Z17/100 -> 6.38 | AD17: 2022-04-14 | AE17: 635.4 | AF17: =AE17/100 -> 6.354 | AI17: 2022-05-16 | AJ17: 678.71 | AK17: =AJ17/100 -> 6.7871 | AN17: 2022-06-15 | AO17: 675.18 | AP17: =AO17/100 -> 6.7518 | AS17: 2022-07-14 | AT17: 672.65 | AU17: =AT17/100 -> 6.7265 | AX17: 2022-08-16 | AY17: 677.3 | AZ17: =AY17/100 -> 6.773 | BC17: 2022-09-15 | BD17: 691.01 | BE17: =BD17/100 -> 6.9101 | BH17: 2022-10-14 | BI17: 710.88 | BJ17: =BI17/100 -> 7.1088 | BM17: 2022-11-15 | BN17: 704.21 | BO17: =BN17/100 -> 7.0421 | BR17: 2022-12-15 | BS17: 693.43 | BT17: =BS17/100 -> 6.9343 | BV17: 2023-01-09 | BW17: 682.65 | BX17: =BW17/100 -> 6.8265 | CA17: 44970 | CB17: 6.8151 | CE17: 45001 | CF17: 6.9149 | CI17: 45029 | CJ17: 6.8658 | CM17: 45062 | CN17: 6.9506 | CQ17: 45090 | CR17: 7.1498 | CU17: 45121 | CV17: 7.1318 | CY17: 45154 | CZ17: 7.1986 | DC17: 45182 | DD17: 7.1894 | DG17: 45215 | DH17: 7.1798 | DK17: 45245 | DL17: 7.1752 | DO17: 45274 | DP17: 7.109 | DS17: 45306 | DT17: 7.1084 | DW17: 45329 | DX17: 7.1049 | EA17: 45365 | EB17: 7.0974 | EE17: 45397 | EF17: 7.0979 | EI17: 45428 | EJ17: 7.102 | EM17: 45456 | EN17: 7.1122 | EQ17: 45489 | ER17: 7.1328 | EU17: 45519 | EV17: 7.1399 | EY17: 45546 | EZ17: 7.1182 | FC17: 45581 | FD17: 7.1191 | FG17: 45610 | FH17: 7.1966 | FK17: 45642 | FL17: 7.1882 | FO17: 45659 | FP17: 7.1879 | FS17: 45701 | FT17: 7.1719 | FW17: 45730 | FX17: 7.1738 | GA17: 45762 | GB17: 7.2096 | GE17: 45792 | GF17: 7.1963 | GI17: 45821 | GJ17: 7.1772 | GM17: 45854 | GN17: 7.1526 | GQ17: 45883 | GR17: 7.1337 | GU17: 45915 | GV17: 7.1056 | GY17: 45946 | GZ17: 7.0968 | HC17: 45974 | HD17: 7.0865 | HG17: 46007 | HH17: 7.0602 | HK17: 46037 | HL17: 7.0064 | HO17: 46057 | HP17: 6.9533 | HS17: 46097 | HT17: 6.9057 | HW17: 46127 | HX17: 6.8582 | IA17: 46156 | IB17: 6.8401 | IE17: 46185 | IF17: 6.8109
A18: ='欧元 '!A18 -> 2021-10-13 | B18: 646.12 | C18: =B18/100 -> 6.4612 | F18: 2021-11-12 | G18: 640.65 | H18: =G18/100 -> 6.4065 | J18: 2021-12-15 | K18: 637.16 | L18: =K18/100 -> 6.3716 | O18: 2022-01-05 | P18: 637.79 | Q18: =P18/100 -> 6.3779 | T18: 2022-02-10 | U18: 635.99 | V18: =U18/100 -> 6.3599 | Y18: 2022-03-15 | Z18: 637.6 | AA18: =Z18/100 -> 6.376 | AD18: 2022-04-13 | AE18: 637.52 | AF18: =AE18/100 -> 6.3752 | AI18: 2022-05-13 | AJ18: 678.98 | AK18: =AJ18/100 -> 6.7898 | AN18: 2022-06-14 | AO18: 674.82 | AP18: =AO18/100 -> 6.7482 | AS18: 2022-07-13 | AT18: 672.82 | AU18: =AT18/100 -> 6.7282 | AX18: 2022-08-15 | AY18: 674.1 | AZ18: =AY18/100 -> 6.741 | BC18: 2022-09-14 | BD18: 691.16 | BE18: =BD18/100 -> 6.9116 | BH18: 2022-10-13 | BI18: 711.01 | BJ18: =BI18/100 -> 7.1101 | BM18: 2022-11-14 | BN18: 708.99 | BO18: =BN18/100 -> 7.0899 | BR18: 2022-12-14 | BS18: 695.35 | BT18: =BS18/100 -> 6.9535 | BV18: 2023-01-06 | BW18: 689.12 | BX18: =BW18/100 -> 6.8912 | CA18: 44967 | CB18: 6.7884 | CE18: 45000 | CF18: 6.868 | CI18: 45028 | CJ18: 6.8854 | CM18: 45061 | CN18: 6.9654 | CQ18: 45089 | CR18: 7.1212 | CU18: 45120 | CV18: 7.1527 | CY18: 45153 | CZ18: 7.1768 | DC18: 45181 | DD18: 7.1986 | DG18: 45212 | DH18: 7.1775 | DK18: 45244 | DL18: 7.1768 | DO18: 45273 | DP18: 7.1126 | DS18: 45303 | DT18: 7.105 | DW18: 45328 | DX18: 7.1082 | EA18: 45364 | EB18: 7.093 | EE18: 45394 | EF18: 7.0967 | EI18: 45427 | EJ18: 7.1049 | EM18: 45455 | EN18: 7.1133 | EQ18: 45488 | ER18: 7.1313 | EU18: 45518 | EV18: 7.1415 | EY18: 45545 | EZ18: 7.1136 | FC18: 45580 | FD18: 7.083 | FG18: 45609 | FH18: 7.1991 | FK18: 45639 | FL18: 7.1876 | FS18: 45700 | FT18: 7.171 | FW18: 45729 | FX18: 7.1728 | GA18: 45761 | GB18: 7.211 | GE18: 45791 | GF18: 7.1956 | GI18: 45820 | GJ18: 7.1803 | GM18: 45853 | GN18: 7.1498 | GQ18: 45882 | GR18: 7.135 | GU18: 45912 | GV18: 7.1019 | GY18: 45945 | GZ18: 7.0995 | HC18: 45973 | HD18: 7.0833 | HG18: 46006 | HH18: 7.0656 | HK18: 46036 | HL18: 7.012 | HO18: 46056 | HP18: 6.9608 | HS18: 46094 | HT18: 6.9007 | HW18: 46126 | HX18: 6.8593 | IA18: 46155 | IB18: 6.8431 | IE18: 46184 | IF18: 6.815
A19: ='欧元 '!A19 -> 2021-10-12 | B19: 644.47 | C19: =B19/100 -> 6.4447 | F19: 2021-11-11 | G19: 641.45 | H19: =G19/100 -> 6.4145 | J19: 2021-12-14 | K19: 636.75 | L19: =K19/100 -> 6.3675 | O19: 2022-01-04 | P19: 637.94 | Q19: =P19/100 -> 6.3794 | T19: 2022-02-09 | U19: 636.53 | V19: =U19/100 -> 6.3653 | Y19: 2022-03-14 | Z19: 635.06 | AA19: =Z19/100 -> 6.3506 | AD19: 2022-04-12 | AE19: 637.95 | AF19: =AE19/100 -> 6.3795 | AI19: 2022-05-12 | AJ19: 672.92 | AK19: =AJ19/100 -> 6.7292 | AN19: 2022-06-13 | AO19: 671.82 | AP19: =AO19/100 -> 6.7182 | AS19: 2022-07-12 | AT19: 672.87 | AU19: =AT19/100 -> 6.7287 | AX19: 2022-08-12 | AY19: 674.13 | AZ19: =AY19/100 -> 6.7413 | BC19: 2022-09-13 | BD19: 689.28 | BE19: =BD19/100 -> 6.8928 | BH19: 2022-10-12 | BI19: 711.03 | BJ19: =BI19/100 -> 7.1103 | BM19: 2022-11-11 | BN19: 719.07 | BO19: =BN19/100 -> 7.1907 | BR19: 2022-12-13 | BS19: 697.46 | BT19: =BS19/100 -> 6.9746 | BV19: 2023-01-05 | BW19: 689.26 | BX19: =BW19/100 -> 6.8926 | CA19: 44966 | CB19: 6.7905 | CE19: 44999 | CF19: 6.8949 | CI19: 45027 | CJ19: 6.8882 | CM19: 45058 | CN19: 6.9481 | CQ19: 45086 | CR19: 7.1115 | CU19: 45119 | CV19: 7.1765 | CY19: 45152 | CZ19: 7.1686 | DC19: 45180 | DD19: 7.2148 | DG19: 45211 | DH19: 7.1776 | DK19: 45243 | DL19: 7.1769 | DO19: 45272 | DP19: 7.1174 | DS19: 45302 | DT19: 7.1087 | DW19: 45327 | DX19: 7.107 | EA19: 45363 | EB19: 7.0963 | EE19: 45393 | EF19: 7.0968 | EI19: 45426 | EJ19: 7.1053 | EM19: 45454 | EN19: 7.1135 | EQ19: 45485 | ER19: 7.1315 | EU19: 45517 | EV19: 7.1479 | EY19: 45544 | EZ19: 7.0989 | FC19: 45579 | FD19: 7.0723 | FG19: 45608 | FH19: 7.1927 | FK19: 45638 | FL19: 7.1854 | FS19: 45699 | FT19: 7.1716 | FW19: 45728 | FX19: 7.1696 | GA19: 45758 | GB19: 7.2087 | GE19: 45790 | GF19: 7.1991 | GI19: 45819 | GJ19: 7.1815 | GM19: 45852 | GN19: 7.1491 | GQ19: 45881 | GR19: 7.1418 | GU19: 45911 | GV19: 7.1034 | GY19: 45944 | GZ19: 7.1021 | HC19: 45972 | HD19: 7.0866 | HG19: 46003 | HH19: 7.0638 | HK19: 46035 | HL19: 7.0103 | HO19: 46055 | HP19: 6.9695 | HS19: 46093 | HT19: 6.8959 | HW19: 46125 | HX19: 6.8657 | IA19: 46154 | IB19: 6.8426 | IE19: 46183 | IF19: 6.813
A20: ='欧元 '!A20 -> 2021-10-11 | B20: 644.79 | C20: =B20/100 -> 6.4479 | F20: 2021-11-10 | G20: 639.48 | H20: =G20/100 -> 6.3948 | J20: 2021-12-13 | K20: 636.69 | L20: =K20/100 -> 6.3669 | T20: 2022-02-08 | U20: 635.69 | V20: =U20/100 -> 6.3569 | Y20: 2022-03-11 | Z20: 633.06 | AA20: =Z20/100 -> 6.3306 | AD20: 2022-04-11 | AE20: 636.45 | AF20: =AE20/100 -> 6.3645 | AI20: 2022-05-11 | AJ20: 672.9 | AK20: =AJ20/100 -> 6.729 | AN20: 2022-06-10 | AO20: 669.94 | AP20: =AO20/100 -> 6.6994 | AS20: 2022-07-11 | AT20: 669.6 | AU20: =AT20/100 -> 6.696 | AX20: 2022-08-11 | AY20: 673.24 | AZ20: =AY20/100 -> 6.7324 | BC20: 2022-09-09 | BD20: 690.98 | BE20: =BD20/100 -> 6.9098 | BH20: 2022-10-11 | BI20: 710.75 | BJ20: =BI20/100 -> 7.1075 | BM20: 2022-11-10 | BN20: 724.22 | BO20: =BN20/100 -> 7.2422 | BR20: 2022-12-12 | BS20: 695.65 | BT20: =BS20/100 -> 6.9565 | BV20: 2023-01-04 | BW20: 691.31 | BX20: =BW20/100 -> 6.9131 | CA20: 44965 | CB20: 6.7752 | CE20: 44998 | CF20: 6.9375 | CI20: 45026 | CJ20: 6.8764 | CM20: 45057 | CN20: 6.9101 | CQ20: 45085 | CR20: 7.128 | CU20: 45118 | CV20: 7.1886 | CY20: 45149 | CZ20: 7.1587 | DC20: 45177 | DD20: 7.215 | DG20: 45210 | DH20: 7.1779 | DK20: 45240 | DL20: 7.1771 | DO20: 45271 | DP20: 7.1163 | DS20: 45301 | DT20: 7.1055 | DW20: 45324 | DX20: 7.1006 | EA20: 45362 | EB20: 7.0969 | EE20: 45392 | EF20: 7.0959 | EI20: 45425 | EJ20: 7.103 | EM20: 45450 | EN20: 7.1106 | EQ20: 45484 | ER20: 7.1339 | EU20: 45516 | EV20: 7.1458 | EY20: 45541 | EZ20: 7.0925 | FC20: 45576 | FD20: 7.0731 | FG20: 45607 | FH20: 7.1786 | FK20: 45637 | FL20: 7.1843 | FS20: 45698 | FT20: 7.1707 | FW20: 45727 | FX20: 7.1741 | GA20: 45757 | GB20: 7.2092 | GE20: 45789 | GF20: 7.2066 | GI20: 45818 | GJ20: 7.184 | GM20: 45849 | GN20: 7.1475 | GQ20: 45880 | GR20: 7.1405 | GU20: 45910 | GV20: 7.1062 | GY20: 45943 | GZ20: 7.1007 | HC20: 45971 | HD20: 7.0856 | HG20: 46002 | HH20: 7.0686 | HK20: 46034 | HL20: 7.0108 | HS20: 46092 | HT20: 6.8917 | HW20: 46122 | HX20: 6.8654 | IA20: 46153 | IB20: 6.8467 | IE20: 46182 | IF20: 6.8147
A21: ='欧元 '!A21 -> 2021-10-08 | B21: 646.04 | C21: =B21/100 -> 6.4604 | F21: 2021-11-09 | G21: 639.03 | H21: =G21/100 -> 6.3903 | J21: 2021-12-10 | K21: 637.02 | L21: =K21/100 -> 6.3702 | T21: 2022-02-07 | U21: 635.8 | V21: =U21/100 -> 6.358 | Y21: 2022-03-10 | Z21: 631.05 | AA21: =Z21/100 -> 6.3105 | AD21: 2022-04-08 | AE21: 636.53 | AF21: =AE21/100 -> 6.3653 | AI21: 2022-05-10 | AJ21: 671.34 | AK21: =AJ21/100 -> 6.7134 | AN21: 2022-06-09 | AO21: 668.11 | AP21: =AO21/100 -> 6.6811 | AS21: 2022-07-08 | AT21: 670.98 | AU21: =AT21/100 -> 6.7098 | AX21: 2022-08-10 | AY21: 676.12 | AZ21: =AY21/100 -> 6.7612 | BC21: 2022-09-08 | BD21: 691.48 | BE21: =BD21/100 -> 6.9148 | BH21: 2022-10-10 | BI21: 709.92 | BJ21: =BI21/100 -> 7.0992 | BM21: 2022-11-09 | BN21: 721.89 | BO21: =BN21/100 -> 7.2189 | BR21: 2022-12-09 | BS21: 695.88 | BT21: =BS21/100 -> 6.9588 | BV21: 2023-01-03 | BW21: 694.75 | BX21: =BW21/100 -> 6.9475 | CA21: 44964 | CB21: 6.7967 | CE21: 44995 | CF21: 6.9655 | CI21: 45023 | CJ21: 6.8838 | CM21: 45056 | CN21: 6.9299 | CQ21: 45084 | CR21: 7.1196 | CU21: 45117 | CV21: 7.1926 | CY21: 45148 | CZ21: 7.1576 | DC21: 45176 | DD21: 7.1986 | DG21: 45209 | DH21: 7.1781 | DK21: 45239 | DL21: 7.1772 | DO21: 45268 | DP21: 7.1123 | DS21: 45300 | DT21: 7.101 | DW21: 45323 | DX21: 7.1049 | EA21: 45359 | EB21: 7.0978 | EE21: 45391 | EF21: 7.0956 | EI21: 45422 | EJ21: 7.1011 | EM21: 45449 | EN21: 7.1108 | EQ21: 45483 | ER21: 7.1342 | EU21: 45513 | EV21: 7.1449 | EY21: 45540 | EZ21: 7.0989 | FC21: 45575 | FD21: 7.0742 | FG21: 45604 | FH21: 7.1433 | FK21: 45636 | FL21: 7.1896 | FS21: 45695 | FT21: 7.1699 | FW21: 45726 | FX21: 7.1733 | GA21: 45756 | GB21: 7.2066 | GE21: 45786 | GF21: 7.2095 | GI21: 45817 | GJ21: 7.1855 | GM21: 45848 | GN21: 7.151 | GQ21: 45877 | GR21: 7.1382 | GU21: 45909 | GV21: 7.1008 | GY21: 45940 | GZ21: 7.1048 | HC21: 45968 | HD21: 7.0836 | HG21: 46001 | HH21: 7.0753 | HK21: 46031 | HL21: 7.0128 | HS21: 46091 | HT21: 6.8982 | HW21: 46121 | HX21: 6.8649 | IA21: 46150 | IB21: 6.8502 | IE21: 46181 | IF21: 6.8198
F22: 2021-11-08 | G22: 639.59 | H22: =G22/100 -> 6.3959 | J22: 2021-12-09 | K22: 634.98 | L22: =K22/100 -> 6.3498 | Y22: 2022-03-09 | Z22: 631.78 | AA22: =Z22/100 -> 6.3178 | AD22: 2022-04-07 | AE22: 636.59 | AF22: =AE22/100 -> 6.3659 | AI22: 2022-05-09 | AJ22: 668.99 | AK22: =AJ22/100 -> 6.6899 | AN22: 2022-06-08 | AO22: 666.34 | AP22: =AO22/100 -> 6.6634 | AS22: 2022-07-07 | AT22: 671.43 | AU22: =AT22/100 -> 6.7143 | AX22: 2022-08-09 | AY22: 675.84 | AZ22: =AY22/100 -> 6.7584 | BC22: 2022-09-07 | BD22: 691.6 | BE22: =BD22/100 -> 6.916 | BM22: 2022-11-08 | BN22: 721.5 | BO22: =BN22/100 -> 7.215 | BR22: 2022-12-08 | BS22: 696.06 | BT22: =BS22/100 -> 6.9606 | CA22: 44963 | CB22: 6.7737 | CE22: 44994 | CF22: 6.9666 | CI22: 45022 | CJ22: 6.8747 | CM22: 45055 | CN22: 6.9255 | CQ22: 45083 | CR22: 7.1075 | CU22: 45114 | CV22: 7.2054 | CY22: 45147 | CZ22: 7.1588 | DC22: 45175 | DD22: 7.1969 | DG22: 45208 | DH22: 7.1789 | DK22: 45238 | DL22: 7.1773 | DO22: 45267 | DP22: 7.1176 | DS22: 45299 | DT22: 7.1006 | EA22: 45358 | EB22: 7.1002 | EE22: 45390 | EF22: 7.0947 | EI22: 45421 | EJ22: 7.1028 | EM22: 45448 | EN22: 7.1097 | EQ22: 45482 | ER22: 7.131 | EU22: 45512 | EV22: 7.146 | EY22: 45539 | EZ22: 7.1148 | FC22: 45574 | FD22: 7.0568 | FG22: 45603 | FH22: 7.1659 | FK22: 45635 | FL22: 7.187 | FS22: 45694 | FT22: 7.1691 | FW22: 45723 | FX22: 7.1705 | GA22: 45755 | GB22: 7.2038 | GE22: 45785 | GF22: 7.2073 | GI22: 45814 | GJ22: 7.1845 | GM22: 45847 | GN22: 7.1541 | GQ22: 45876 | GR22: 7.1345 | GU22: 45908 | GV22: 7.1029 | GY22: 45939 | GZ22: 7.1102 | HC22: 45967 | HD22: 7.0865 | HG22: 46000 | HH22: 7.0773 | HK22: 46030 | HL22: 7.0197 | HS22: 46090 | HT22: 6.9158 | HW22: 46120 | HX22: 6.868 | IA22: 46149 | IB22: 6.8487 | IE22: 46178 | IF22: 6.8157
F23: 2021-11-05 | G23: 639.8 | H23: =G23/100 -> 6.398 | J23: 2021-12-08 | K23: 636.77 | L23: =K23/100 -> 6.3677 | Y23: 2022-03-08 | Z23: 631.85 | AA23: =Z23/100 -> 6.3185 | AD23: 2022-04-06 | AE23: 637.99 | AF23: =AE23/100 -> 6.3799 | AI23: 2022-05-06 | AJ23: 663.32 | AK23: =AJ23/100 -> 6.6332 | AN23: 2022-06-07 | AO23: 666.49 | AP23: =AO23/100 -> 6.6649 | AS23: 2022-07-06 | AT23: 672.46 | AU23: =AT23/100 -> 6.7246 | AX23: 2022-08-08 | AY23: 676.95 | AZ23: =AY23/100 -> 6.7695 | BC23: 2022-09-06 | BD23: 690.96 | BE23: =BD23/100 -> 6.9096 | BM23: 2022-11-07 | BN23: 722.92 | BO23: =BN23/100 -> 7.2292 | BR23: 2022-12-07 | BS23: 699.75 | BT23: =BS23/100 -> 6.9975 | CA23: 44960 | CB23: 6.7382 | CE23: 44993 | CF23: 6.9525 | CI23: 45020 | CJ23: 6.8699 | CM23: 45054 | CN23: 6.9158 | CQ23: 45082 | CR23: 7.0904 | CU23: 45113 | CV23: 7.2098 | CY23: 45146 | CZ23: 7.1565 | DC23: 45174 | DD23: 7.1783 | DK23: 45237 | DL23: 7.1776 | DO23: 45266 | DP23: 7.114 | DS23: 45296 | DT23: 7.1029 | EA23: 45357 | EB23: 7.1016 | EE23: 45385 | EF23: 7.0949 | EI23: 45420 | EJ23: 7.1016 | EM23: 45447 | EN23: 7.1083 | EQ23: 45481 | ER23: 7.1286 | EU23: 45511 | EV23: 7.1386 | EY23: 45538 | EZ23: 7.1112 | FC23: 45573 | FD23: 7.0709 | FG23: 45602 | FH23: 7.0993 | FK23: 45632 | FL23: 7.1848 | FS23: 45693 | FT23: 7.1693 | FW23: 45722 | FX23: 7.1692 | GA23: 45754 | GB23: 7.198 | GE23: 45784 | GF23: 7.2005 | GI23: 45813 | GJ23: 7.1865 | GM23: 45846 | GN23: 7.1534 | GQ23: 45875 | GR23: 7.1409 | GU23: 45905 | GV23: 7.1064 | HC23: 45966 | HD23: 7.0901 | HG23: 45999 | HH23: 7.0764 | HK23: 46029 | HL23: 7.0187 | HS23: 46087 | HT23: 6.9025 | HW23: 46119 | HX23: 6.8854 | IA23: 46148 | IB23: 6.8562 | IE23: 46177 | IF23: 6.8203
F24: 2021-11-04 | G24: 639.43 | H24: =G24/100 -> 6.3943 | J24: 2021-12-07 | K24: 637.38 | L24: =K24/100 -> 6.3738 | Y24: 2022-03-07 | Z24: 634.78 | AA24: =Z24/100 -> 6.3478 | AD24: 2022-04-01 | AE24: 635.09 | AF24: =AE24/100 -> 6.3509 | AI24: 2022-05-05 | AJ24: 656.72 | AK24: =AJ24/100 -> 6.5672 | AN24: 2022-06-06 | AO24: 666.91 | AP24: =AO24/100 -> 6.6691 | AS24: 2022-07-05 | AT24: 669.86 | AU24: =AT24/100 -> 6.6986 | AX24: 2022-08-05 | AY24: 674.05 | AZ24: =AY24/100 -> 6.7405 | BC24: 2022-09-05 | BD24: 689.98 | BE24: =BD24/100 -> 6.8998 | BM24: 2022-11-04 | BN24: 725.55 | BO24: =BN24/100 -> 7.2555 | BR24: 2022-12-06 | BS24: 697.46 | BT24: =BS24/100 -> 6.9746 | CA24: 44959 | CB24: 6.713 | CE24: 44992 | CF24: 6.9156 | CI24: 45019 | CJ24: 6.8805 | CM24: 45051 | CN24: 6.9114 | CQ24: 45079 | CR24: 7.0939 | CU24: 45112 | CV24: 7.1968 | CY24: 45145 | CZ24: 7.138 | DC24: 45173 | DD24: 7.1786 | DK24: 45236 | DL24: 7.178 | DO24: 45265 | DP24: 7.1127 | DS24: 45295 | DT24: 7.0997 | EA24: 45356 | EB24: 7.1027 | EE24: 45384 | EF24: 7.0957 | EI24: 45419 | EJ24: 7.1002 | EM24: 45446 | EN24: 7.1086 | EQ24: 45478 | ER24: 7.1289 | EU24: 45510 | EV24: 7.1318 | EY24: 45537 | EZ24: 7.1027 | FG24: 45601 | FH24: 7.1016 | FK24: 45631 | FL24: 7.1879 | FW24: 45721 | FX24: 7.1714 | GA24: 45750 | GB24: 7.1889 | GE24: 45783 | GF24: 7.2008 | GI24: 45812 | GJ24: 7.1886 | GM24: 45845 | GN24: 7.1506 | GQ24: 45874 | GR24: 7.1366 | GU24: 45904 | GV24: 7.1052 | HC24: 45965 | HD24: 7.0885 | HG24: 45996 | HH24: 7.0749 | HK24: 46028 | HL24: 7.0173 | HS24: 46086 | HT24: 6.9007 | HW24: 46115 | HX24: 6.8929 | IE24: 46176 | IF24: 6.8184
F25: 2021-11-03 | G25: 640.79 | H25: =G25/100 -> 6.4079 | J25: 2021-12-06 | K25: 637.02 | L25: =K25/100 -> 6.3702 | Y25: 2022-03-04 | Z25: 632.88 | AA25: =Z25/100 -> 6.3288 | AN25: 2022-06-02 | AO25: 670.95 | AP25: =AO25/100 -> 6.7095 | AS25: 2022-07-04 | AT25: 670.71 | AU25: =AT25/100 -> 6.7071 | AX25: 2022-08-04 | AY25: 676.36 | AZ25: =AY25/100 -> 6.7636 | BC25: 2022-09-02 | BD25: 689.17 | BE25: =BD25/100 -> 6.8917 | BM25: 2022-11-03 | BN25: 724.72 | BO25: =BN25/100 -> 7.2472 | BR25: 2022-12-05 | BS25: 703.84 | BT25: =BS25/100 -> 7.0384 | CA25: 44958 | CB25: 6.7492 | CE25: 44991 | CF25: 6.8951 | CM25: 45050 | CN25: 6.9054 | CQ25: 45078 | CR25: 7.0965 | CU25: 45111 | CV25: 7.2046 | CY25: 45142 | CZ25: 7.1418 | DC25: 45170 | DD25: 7.1788 | DK25: 45233 | DL25: 7.1796 | DO25: 45264 | DP25: 7.1011 | DS25: 45294 | DT25: 7.1002 | EA25: 45355 | EB25: 7.102 | EE25: 45383 | EF25: 7.0938 | EI25: 45418 | EJ25: 7.0994 | EQ25: 45477 | ER25: 7.1305 | EU25: 45509 | EV25: 7.1345 | FG25: 45600 | FH25: 7.1203 | FK25: 45630 | FL25: 7.1934 | FW25: 45720 | FX25: 7.1739 | GA25: 45749 | GB25: 7.1793 | GI25: 45811 | GJ25: 7.1869 | GM25: 45842 | GN25: 7.1535 | GQ25: 45873 | GR25: 7.1395 | GU25: 45903 | GV25: 7.1108 | HC25: 45964 | HD25: 7.0867 | HG25: 45995 | HH25: 7.0733 | HK25: 46027 | HL25: 7.023 | HS25: 46085 | HT25: 6.9124 | HW25: 46114 | HX25: 6.888 | IE25: 46175 | IF25: 6.8187
F26: 2021-11-02 | G26: 640.09 | H26: =G26/100 -> 6.4009 | J26: 2021-12-03 | K26: 637.38 | L26: =K26/100 -> 6.3738 | Y26: 2022-03-03 | Z26: 630.16 | AA26: =Z26/100 -> 6.3016 | AN26: 2022-06-01 | AO26: 666.51 | AP26: =AO26/100 -> 6.6651 | AS26: 2022-07-01 | AT26: 668.63 | AU26: =AT26/100 -> 6.6863 | AX26: 2022-08-03 | AY26: 678.13 | AZ26: =AY26/100 -> 6.7813 | BC26: 2022-09-01 | BD26: 688.21 | BE26: =BD26/100 -> 6.8821 | BM26: 2022-11-02 | BN26: 721.97 | BO26: =BN26/100 -> 7.2197 | BR26: 2022-12-02 | BS26: 705.42 | BT26: =BS26/100 -> 7.0542 | CE26: 44988 | CF26: 6.9117 | CU26: 45110 | CV26: 7.2157 | CY26: 45141 | CZ26: 7.1495 | DK26: 45232 | DL26: 7.1797 | DO26: 45261 | DP26: 7.1104 | DS26: 45293 | DT26: 7.077 | EA26: 45352 | EB26: 7.1059 | EQ26: 45476 | ER26: 7.1312 | EU26: 45506 | EV26: 7.1376 | FG26: 45597 | FH26: 7.1135 | FK26: 45629 | FL26: 7.1996 | FW26: 45719 | FX26: 7.1745 | GA26: 45748 | GB26: 7.1775 | GM26: 45841 | GN26: 7.1523 | GQ26: 45870 | GR26: 7.1496 | GU26: 45902 | GV26: 7.1089 | HG26: 45994 | HH26: 7.0754 | HS26: 46084 | HT26: 6.9088 | HW26: 46113 | HX26: 6.9025 | IE26: 46174 | IF26: 6.8167
F27: 2021-11-01 | G27: 641.92 | H27: =G27/100 -> 6.4192 | J27: 2021-12-02 | K27: 637.19 | L27: =K27/100 -> 6.3719 | Y27: 2022-03-02 | Z27: 633.51 | AA27: =Z27/100 -> 6.3351 | AX27: 2022-08-02 | AY27: 674.62 | AZ27: =AY27/100 -> 6.7462 | BM27: 2022-11-01 | BN27: 720.81 | BO27: =BN27/100 -> 7.2081 | BR27: 2022-12-01 | BS27: 712.25 | BT27: =BS27/100 -> 7.1225 | CE27: 44987 | CF27: 6.8808 | CY27: 45140 | CZ27: 7.1368 | DK27: 45231 | DL27: 7.1778 | EQ27: 45475 | ER27: 7.1291 | EU27: 45505 | EV27: 7.1323 | FK27: 45628 | FL27: 7.1865 | GM27: 45840 | GN27: 7.1546 | GU27: 45901 | GV27: 7.1072 | HG27: 45993 | HH27: 7.0794 | HS27: 46083 | HT27: 6.9236
J28: 2021-12-01 | K28: 636.93 | L28: =K28/100 -> 6.3693 | Y28: 2022-03-01 | Z28: 630.14 | AA28: =Z28/100 -> 6.3014 | AX28: 2022-08-01 | AY28: 674.67 | AZ28: =AY28/100 -> 6.7467 | CE28: 44986 | CF28: 6.94 | CY28: 45139 | CZ28: 7.1283 | EQ28: 45474 | ER28: 7.1265 | GM28: 45839 | GN28: 7.1534 | HG28: 45992 | HH28: 7.0759
T32: =T21 -> 2022-02-07

Sheet 港币
B1: HKD兑CNY 期末汇率 | D1: =1/D6 -> 1.2226135 | E1: =ROUND(D1,12) -> 1.2226135 | F1: HKD兑CNY | G1: 期末汇率 | H1: =H6 -> 0.8176 | K1: HKD兑CNY | L1: 期末汇率 | M1: =M6 -> 0.81518 | P1: HKD兑CNY | Q1: 期末汇率 | R1: =R6 -> 0.80932 | U1: HKD兑CNY | V1: 期末汇率 | W1: =W6 -> 0.81101 | Z1: HKD兑CNY | AA1: 期末汇率 | AB1: =AB6 -> 0.84338 | AE1: HKD兑CNY | AF1: 期末汇率 | AG1: =AG6 -> 0.84865 | AJ1: HKD兑CNY | AK1: 期末汇率 | AL1: =AL6 -> 0.85519 | AO1: HKD兑CNY | AP1: 期末汇率 | AQ1: =AQ6 -> 0.85908 | AT1: HKD兑CNY | AU1: 期末汇率 | AV1: =AV6 -> 0.87788 | AY1: HKD兑CNY | AZ1: 期末汇率 | BA1: =BA6 -> 0.90444 | BD1: HKD兑CNY | BE1: 期末汇率 | BF1: =BF6 -> 0.91431 | BI1: HKD兑CNY | BJ1: 期末汇率 | BK1: =BK6 -> 0.91869 | BN1: HKD兑CNY | BO1: 期末汇率 | BP1: =BP6 -> 0.89327 | BS1: HKD兑CNY | BT1: 期末汇率 | BU1: =BU6 -> 0.86267 | BW1: HKD兑CNY | BX1: 期末汇率 | BY1: =BY6 -> 0.88604 | CA1: HKD兑CNY | CB1: 期末汇率 | CC1: =CC6 -> 0.87541 | CE1: HKD兑CNY | CF1: 期末汇率 | CG1: =CG6 -> 0.88206 | CI1: HKD兑CNY | CJ1: 期末汇率 | CK1: =CK6 -> 0.90372 | CM1: HKD兑CNY | CN1: 期末汇率 | CO1: =CO6 -> 0.92198 | CQ1: HKD兑CNY | CR1: 期末汇率 | CS1: =CS6 -> 0.91437 | CU1: HKD兑CNY | CV1: 期末汇率 | CW1: =CW6 -> 0.91538 | CY1: HKD兑CNY | CZ1: 期末汇率 | DA1: =DA6 -> 0.91763 | DC1: HKD兑CNY | DD1: 期末汇率 | DE1: =DE6 -> 0.91783 | DG1: HKD兑CNY | DH1: 期末汇率 | DI1: =DI6 -> 0.90979 | DK1: HKD兑CNY | DL1: 期末汇率 | DM1: =DM6 -> 0.90622 | DO1: HKD兑CNY | DP1: 期末汇率 | DQ1: =DQ6 -> 0.9095 | DS1: HKD兑CNY | DT1: 期末汇率 | DU1: =DU6 -> 0.90753 | DW1: HKD兑CNY | DX1: 期末汇率 | DY1: =DY6 -> 0.90655 | EA1: HKD兑CNY | EB1: 期末汇率 | EC1: =EC6 -> 0.90805 | EE1: HKD兑CNY | EF1: 期末汇率 | EG1: =EG6 -> 0.90927 | EI1: HKD兑CNY | EJ1: 期末汇率 | EK1: =EK6 -> 0.91268 | EM1: HKD兑CNY | EN1: 期末汇率 | EO1: =EO6 -> 0.91336 | EQ1: HKD兑CNY | ER1: 期末汇率 | ES1: =ES6 -> 0.91222 | EU1: HKD兑CNY | EV1: 期末汇率 | EW1: =EW6 -> 0.90179 | EY1: HKD兑CNY | EZ1: 期末汇率 | FA1: =FA6 -> 0.91673 | FC1: HKD兑CNY | FD1: 期末汇率 | FE1: =FE6 -> 0.92355 | FG1: HKD兑CNY | FH1: 期末汇率 | FI1: =FI6 -> 0.92604 | FK1: HKD兑CNY | FL1: 期末汇率 | FM1: =FM6 -> 0.92304 | FO1: HKD兑CNY | FP1: 期末汇率 | FQ1: =FQ6 -> 0.9226 | FS1: HKD兑CNY | FT1: 期末汇率 | FU1: =FU6 -> 0.92283 | FW1: HKD兑CNY | FX1: 期末汇率 | FY1: =FY6 -> 0.92813 | GA1: HKD兑CNY | GB1: 期末汇率 | GC1: =GC6 -> 0.91642 | GE1: HKD兑CNY | GF1: 期末汇率 | GG1: =GG6 -> 0.91195 | GI1: HKD兑CNY | GJ1: 期末汇率 | GK1: =GK6 -> 0.91079 | GM1: HKD兑CNY | GN1: 期末汇率 | GO1: =GO6 -> 0.91157 | GQ1: HKD兑CNY | GR1: 期末汇率 | GS1: =GS6 -> 0.91298 | GU1: HKD兑CNY | GV1: 期末汇率 | GW1: =GW6 -> 0.91227 | GY1: HKD兑CNY | GZ1: 期末汇率 | HA1: =HA6 -> 0.9099 | HC1: HKD兑CNY | HD1: 期末汇率 | HE1: =HE6 -> 0.90322 | HG1: HKD兑CNY | HH1: 期末汇率 | HI1: =HI6 -> 0.89262 | HK1: HKD兑CNY | HL1: 期末汇率 | HM1: =HM6 -> 0.88484 | HO1: HKD兑CNY | HP1: 期末汇率 | HQ1: =HQ6 -> 0.88295 | HS1: HKD兑CNY | HT1: 期末汇率 | HU1: =HU6 -> 0.87581 | HW1: HKD兑CNY | HX1: 期末汇率 | HY1: =HY6 -> 0.87029 | IA1: HKD兑CNY | IB1: 期末汇率 | IC1: =IC6 -> 0.86855
B2: HKD兑CNY 平均汇率 | D2: =1/AVERAGE(D6:D31) -> 1.2180086 | E2: =ROUND(D2,12) -> 1.2180086 | G2: 平均汇率 | H2: =AVERAGE(H6:H31) -> 0.81677478 | L2: 平均汇率 | M2: =AVERAGE(M6:M31) -> 0.816595 | Q2: 平均汇率 | R2: =AVERAGE(R6:R31) -> 0.81370937 | V2: 平均汇率 | W2: =AVERAGE(W6:W31) -> 0.81124348 | AA2: 平均汇率 | AB2: =AVERAGE(AB6:AB31) -> 0.81969947 | AF2: 平均汇率 | AG2: =AVERAGE(AG6:AG31) -> 0.85449474 | AK2: 平均汇率 | AL2: =AVERAGE(AL6:AL31) -> 0.85357952 | AP2: 平均汇率 | AQ2: =AVERAGE(AQ6:AQ31) -> 0.85775429 | AU2: 平均汇率 | AV2: =AVERAGE(AV6:AV31) -> 0.86600217 | AZ2: 平均汇率 | BA2: =AVERAGE(BA6:BA31) -> 0.8869681 | BE2: 平均汇率 | BF2: =AVERAGE(BF6:BF31) -> 0.9081525 | BJ2: 平均汇率 | BK2: =AVERAGE(BK6:BK31) -> 0.91456227 | BO2: 平均汇率 | BP2: =AVERAGE(BP6:BP31) -> 0.89677864 | BT2: 平均汇率 | BU2: =AVERAGE(BU6:BU31) -> 0.8696425 | BX2: 平均汇率 | BY2: =AVERAGE(BY6:BY31) -> 0.8704765 | CB2: 平均汇率 | CC2: =AVERAGE(CC6:CC31) -> 0.87893565 | CF2: 平均汇率 | CG2: =AVERAGE(CG6:CG31) -> 0.87718947 | CJ2: 平均汇率 | CK2: =AVERAGE(CK6:CK31) -> 0.892238 | CN2: 平均汇率 | CO2: =AVERAGE(CO6:CO31) -> 0.912819 | CR2: 平均汇率 | CS2: =AVERAGE(CS6:CS31) -> 0.9160381 | CV2: 平均汇率 | CW2: =AVERAGE(CW6:CW31) -> 0.9167313 | CZ2: 平均汇率 | DA2: =AVERAGE(DA6:DA31) -> 0.9175705 | DD2: 平均汇率 | DE2: =AVERAGE(DE6:DE31) -> 0.91756294 | DH2: 平均汇率 | DI2: =AVERAGE(DI6:DI31) -> 0.91641864 | DL2: 平均汇率 | DM2: =AVERAGE(DM6:DM31) -> 0.90969 | DP2: 平均汇率 | DQ2: =AVERAGE(DQ6:DQ31) -> 0.90912143 | DT2: 平均汇率 | DU2: =AVERAGE(DU6:DU31) -> 0.908355 | DX2: 平均汇率 | DY2: =AVERAGE(DY6:DY31) -> 0.90732714 | EB2: 平均汇率 | EC2: =AVERAGE(EC6:EC31) -> 0.9067365 | EF2: 平均汇率 | EG2: =AVERAGE(EG6:EG31) -> 0.9097605 | EJ2: 平均汇率 | EK2: =AVERAGE(EK6:EK31) -> 0.91117579 | EN2: 平均汇率 | EO2: =AVERAGE(EO6:EO31) -> 0.91321348 | ER2: 平均汇率 | ES2: =AVERAGE(ES6:ES31) -> 0.91521364 | EV2: 平均汇率 | EW2: =AVERAGE(EW6:EW31) -> 0.90853842 | EZ2: 平均汇率 | FA2: =AVERAGE(FA6:FA31) -> 0.91442056 | FD2: 平均汇率 | FE2: =AVERAGE(FE6:FE31) -> 0.92206095 | FH2: 平均汇率 | FI2: =AVERAGE(FI6:FI31) -> 0.92474045 | FL2: 平均汇率 | FM2: =AVERAGE(FM6:FM31) -> 0.92384917 | FP2: 平均汇率 | FQ2: =AVERAGE(FQ6:FQ31) -> 0.92157389 | FT2: 平均汇率 | FU2: =AVERAGE(FU6:FU31) -> 0.92293381 | FX2: 平均汇率 | FY2: =AVERAGE(FY6:FY31) -> 0.92782524 | GB2: 平均汇率 | GC2: =AVERAGE(GC6:GC31) -> 0.92165842 | GF2: 平均汇率 | GG2: =AVERAGE(GG6:GG31) -> 0.914289 | GJ2: 平均汇率 | GK2: =AVERAGE(GK6:GK31) -> 0.91075783 | GN2: 平均汇率 | GO2: =AVERAGE(GO6:GO31) -> 0.91088238 | GR2: 平均汇率 | GS2: =AVERAGE(GS6:GS31) -> 0.91280818 | GV2: 平均汇率 | GW2: =AVERAGE(GW6:GW31) -> 0.91279588 | GZ2: 平均汇率 | HA2: =AVERAGE(HA6:HA31) -> 0.9110195 | HD2: 平均汇率 | HE2: =AVERAGE(HE6:HE31) -> 0.90731696 | HH2: 平均汇率 | HI2: =AVERAGE(HI6:HI31) -> 0.898127 | HL2: 平均汇率 | HM2: =AVERAGE(HM6:HM31) -> 0.88875357 | HP2: 平均汇率 | HQ2: =AVERAGE(HQ6:HQ31) -> 0.88215682 | HT2: 平均汇率 | HU2: =AVERAGE(HU6:HU31) -> 0.87675143 | HX2: 平均汇率 | HY2: =AVERAGE(HY6:HY31) -> 0.87309722 | IB2: 平均汇率 | IC2: =AVERAGE(IC6:IC31) -> 0.86961762
F3: CNY兑HKD | G3: 期末汇率 | H3: =1/H6 -> 1.223092 | I3: =ROUND(H3,12) -> 1.223092 | K3: CNY兑HKD | L3: 期末汇率 | M3: =1/M6 -> 1.2267229 | N3: =ROUND(M3,12) -> 1.2267229 | P3: CNY兑HKD | Q3: 期末汇率 | R3: =1/R6 -> 1.2356052 | S3: =ROUND(R3,12) -> 1.2356052 | U3: CNY兑HKD | V3: 期末汇率 | W3: =1/W6 -> 1.2330304 | X3: =ROUND(W3,12) -> 1.2330304 | Z3: CNY兑HKD | AA3: 期末汇率 | AB3: =1/AB6 -> 1.1857051 | AC3: =ROUND(AB3,12) -> 1.1857051 | AE3: CNY兑HKD | AF3: 期末汇率 | AG3: =1/AG6 -> 1.1783421 | AH3: =ROUND(AG3,12) -> 1.1783421 | AJ3: CNY兑HKD | AK3: 期末汇率 | AL3: =1/AL6 -> 1.1693308 | AM3: =ROUND(AL3,12) -> 1.1693308 | AO3: CNY兑HKD | AP3: 期末汇率 | AQ3: =1/AQ6 -> 1.1640359 | AR3: =ROUND(AQ3,12) -> 1.1640359 | AT3: CNY兑HKD | AU3: 期末汇率 | AV3: =1/AV6 -> 1.1391079 | AW3: =ROUND(AV3,12) -> 1.1391079 | AY3: CNY兑HKD | AZ3: 期末汇率 | BA3: =1/BA6 -> 1.1056565 | BB3: =ROUND(BA3,12) -> 1.1056565 | BD3: CNY兑HKD | BE3: 期末汇率 | BF3: =1/BF6 -> 1.0937209 | BI3: CNY兑HKD | BJ3: 期末汇率 | BK3: =1/BK6 -> 1.0885065 | BL3: =ROUND(BK3,12) -> 1.0885065 | BN3: CNY兑HKD | BO3: 期末汇率 | BP3: =1/BP6 -> 1.1194824 | BQ3: =ROUND(BP3,12) -> 1.1194824 | BS3: CNY兑HKD | BT3: 期末汇率 | BU3: =1/BU6 -> 1.1591918 | BV3: =ROUND(BU3,12) -> 1.1591918 | BW3: CNY兑HKD | BX3: 期末汇率 | BY3: =1/BY6 -> 1.1286172 | CA3: CNY兑HKD | CB3: 期末汇率 | CC3: =1/CC6 -> 1.1423219 | CE3: CNY兑HKD | CF3: 期末汇率 | CG3: =1/CG6 -> 1.1337097 | CI3: CNY兑HKD | CJ3: 期末汇率 | CK3: =1/CK6 -> 1.1065374 | CM3: CNY兑HKD | CN3: 期末汇率 | CO3: =1/CO6 -> 1.0846222 | CQ3: CNY兑HKD | CR3: 期末汇率 | CS3: =1/CS6 -> 1.0936492 | CU3: CNY兑HKD | CV3: 期末汇率 | CW3: =1/CW6 -> 1.0924425 | CY3: CNY兑HKD | CZ3: 期末汇率 | DA3: =1/DA6 -> 1.0897638 | DC3: CNY兑HKD | DD3: 期末汇率 | DE3: =1/DE6 -> 1.0895264 | DG3: CNY兑HKD | DH3: 期末汇率 | DI3: =1/DI6 -> 1.0991547 | DK3: CNY兑HKD | DL3: 期末汇率 | DM3: =1/DM6 -> 1.1034848 | DO3: CNY兑HKD | DP3: 期末汇率 | DQ3: =1/DQ6 -> 1.0995052 | DS3: CNY兑HKD | DT3: 期末汇率 | DU3: =1/DU6 -> 1.1018919 | DW3: CNY兑HKD | DX3: 期末汇率 | DY3: =1/DY6 -> 1.1030831 | EA3: CNY兑HKD | EB3: 期末汇率 | EC3: =1/EC6 -> 1.1012609 | EE3: CNY兑HKD | EF3: 期末汇率 | EG3: =1/EG6 -> 1.0997833 | EI3: CNY兑HKD | EJ3: 期末汇率 | EK3: =1/EK6 -> 1.0956743 | EM3: CNY兑HKD | EN3: 期末汇率 | EO3: =1/EO6 -> 1.0948585 | EQ3: CNY兑HKD | ER3: 期末汇率 | ES3: =1/ES6 -> 1.0962268 | EU3: CNY兑HKD | EV3: 期末汇率 | EW3: =1/EW6 -> 1.1089056 | EY3: CNY兑HKD | EZ3: 期末汇率 | FA3: =1/FA6 -> 1.0908337 | FC3: CNY兑HKD | FD3: 期末汇率 | FE3: =1/FE6 -> 1.0827784 | FG3: CNY兑HKD | FH3: 期末汇率 | FI3: =1/FI6 -> 1.079867 | FK3: CNY兑HKD | FL3: 期末汇率 | FM3: =1/FM6 -> 1.0833767 | FO3: CNY兑HKD | FP3: 期末汇率 | FQ3: =1/FQ6 -> 1.0838933 | FS3: CNY兑HKD | FT3: 期末汇率 | FU3: =1/FU6 -> 1.0836232 | FW3: CNY兑HKD | FX3: 期末汇率 | FY3: =1/FY6 -> 1.0774353 | GA3: CNY兑HKD | GB3: 期末汇率 | GC3: =1/GC6 -> 1.0912027 | GE3: CNY兑HKD | GF3: 期末汇率 | GG3: =1/GG6 -> 1.0965513 | GI3: CNY兑HKD | GJ3: 期末汇率 | GK3: =1/GK6 -> 1.0979479 | GM3: CNY兑HKD | GN3: 期末汇率 | GO3: =1/GO6 -> 1.0970085 | GQ3: CNY兑HKD | GR3: 期末汇率 | GS3: =1/GS6 -> 1.0953142 | GU3: CNY兑HKD | GV3: 期末汇率 | GW3: =1/GW6 -> 1.0961667 | GY3: CNY兑HKD | GZ3: 期末汇率 | HA3: =1/HA6 -> 1.0990219 | HC3: CNY兑HKD | HD3: 期末汇率 | HE3: =1/HE6 -> 1.10715 | HG3: CNY兑HKD | HH3: 期末汇率 | HI3: =1/HI6 -> 1.1202976 | HK3: CNY兑HKD | HL3: 期末汇率 | HM3: =1/HM6 -> 1.1301478 | HO3: CNY兑HKD | HP3: 期末汇率 | HQ3: =1/HQ6 -> 1.132567 | HS3: CNY兑HKD | HT3: 期末汇率 | HU3: =1/HU6 -> 1.1418002 | HW3: CNY兑HKD | HX3: 期末汇率 | HY3: =1/HY6 -> 1.1490423 | IA3: CNY兑HKD | IB3: 期末汇率 | IC3: =1/IC6 -> 1.1513442
G4: 平均汇率 | H4: =1/AVERAGE(H6:H31) -> 1.2243277 | I4: =ROUND(H4,12) -> 1.2243277 | L4: 平均汇率 | M4: =1/AVERAGE(M6:M31) -> 1.2245973 | N4: =ROUND(M4,12) -> 1.2245973 | Q4: 平均汇率 | R4: =1/AVERAGE(R6:R31) -> 1.22894 | S4: =ROUND(R4,12) -> 1.22894 | V4: 平均汇率 | W4: =1/AVERAGE(W6:W31) -> 1.2326755 | X4: =ROUND(W4,12) -> 1.2326755 | AA4: 平均汇率 | AB4: =1/AVERAGE(AB6:AB31) -> 1.2199593 | AC4: =ROUND(AB4,12) -> 1.2199593 | AF4: 平均汇率 | AG4: =1/AVERAGE(AG6:AG31) -> 1.1702822 | AH4: =ROUND(AG4,12) -> 1.1702822 | AK4: 平均汇率 | AL4: =1/AVERAGE(AL6:AL31) -> 1.171537 | AM4: =ROUND(AL4,12) -> 1.171537 | AP4: 平均汇率 | AQ4: =1/AVERAGE(AQ6:AQ31) -> 1.165835 | AR4: =ROUND(AQ4,12) -> 1.165835 | AU4: 平均汇率 | AV4: =1/AVERAGE(AV6:AV31) -> 1.1547315 | AW4: =ROUND(AV4,12) -> 1.1547315 | AZ4: 平均汇率 | BA4: =1/AVERAGE(BA6:BA31) -> 1.1274363 | BB4: =ROUND(BA4,12) -> 1.1274363 | BE4: 平均汇率 | BF4: =1/AVERAGE(BF6:BF31) -> 1.1011366 | BJ4: 平均汇率 | BK4: =1/AVERAGE(BK6:BK31) -> 1.0934193 | BL4: =ROUND(BK4,12) -> 1.0934193 | BO4: 平均汇率 | BP4: =1/AVERAGE(BP6:BP31) -> 1.1151024 | BQ4: =ROUND(BP4,12) -> 1.1151024 | BT4: 平均汇率 | BU4: =1/AVERAGE(BU6:BU31) -> 1.1498978 | BV4: =ROUND(BU4,12) -> 1.1498978 | BX4: 平均汇率 | BY4: =1/AVERAGE(BY6:BY31) -> 1.1487961 | CB4: 平均汇率 | CC4: =1/AVERAGE(CC6:CC31) -> 1.1377397 | CF4: 平均汇率 | CG4: =1/AVERAGE(CG6:CG31) -> 1.1400046 | CJ4: 平均汇率 | CK4: =1/AVERAGE(CK6:CK31) -> 1.1207772 | CN4: 平均汇率 | CO4: =1/AVERAGE(CO6:CO31) -> 1.0955074 | CR4: 平均汇率 | CS4: =1/AVERAGE(CS6:CS31) -> 1.0916577 | CV4: 平均汇率 | CW4: =1/AVERAGE(CW6:CW31) -> 1.0908322 | CZ4: 平均汇率 | DA4: =1/AVERAGE(DA6:DA31) -> 1.0898345 | DD4: 平均汇率 | DE4: =1/AVERAGE(DE6:DE31) -> 1.0898435 | DH4: 平均汇率 | DI4: =1/AVERAGE(DI6:DI31) -> 1.0912043 | DL4: 平均汇率 | DM4: =1/AVERAGE(DM6:DM31) -> 1.0992756 | DP4: 平均汇率 | DQ4: =1/AVERAGE(DQ6:DQ31) -> 1.0999631 | DT4: 平均汇率 | DU4: =1/AVERAGE(DU6:DU31) -> 1.1008912 | DX4: 平均汇率 | DY4: =1/AVERAGE(DY6:DY31) -> 1.1021383 | EB4: 平均汇率 | EC4: =1/AVERAGE(EC6:EC31) -> 1.1028562 | EF4: 平均汇率 | EG4: =1/AVERAGE(EG6:EG31) -> 1.0991904 | EJ4: 平均汇率 | EK4: =1/AVERAGE(EK6:EK31) -> 1.0974831 | EN4: 平均汇率 | EO4: =1/AVERAGE(EO6:EO31) -> 1.0950342 | ER4: 平均汇率 | ES4: =1/AVERAGE(ES6:ES31) -> 1.0926411 | EV4: 平均汇率 | EW4: =1/AVERAGE(EW6:EW31) -> 1.1006689 | EZ4: 平均汇率 | FA4: =1/AVERAGE(FA6:FA31) -> 1.0935887 | FD4: 平均汇率 | FE4: =1/AVERAGE(FE6:FE31) -> 1.084527 | FH4: 平均汇率 | FI4: =1/AVERAGE(FI6:FI31) -> 1.0813845 | FL4: 平均汇率 | FM4: =1/AVERAGE(FM6:FM31) -> 1.0824278 | FP4: 平均汇率 | FQ4: =1/AVERAGE(FQ6:FQ31) -> 1.0851002 | FT4: 平均汇率 | FU4: =1/AVERAGE(FU6:FU31) -> 1.0835013 | FX4: 平均汇率 | FY4: =1/AVERAGE(FY6:FY31) -> 1.0777892 | GB4: 平均汇率 | GC4: =1/AVERAGE(GC6:GC31) -> 1.0850007 | GF4: 平均汇率 | GG4: =1/AVERAGE(GG6:GG31) -> 1.0937461 | GJ4: 平均汇率 | GK4: =1/AVERAGE(GK6:GK31) -> 1.0979867 | GN4: 平均汇率 | GO4: =1/AVERAGE(GO6:GO31) -> 1.0978366 | GR4: 平均汇率 | GS4: =1/AVERAGE(GS6:GS31) -> 1.0955204 | GV4: 平均汇率 | GW4: =1/AVERAGE(GW6:GW31) -> 1.0955352 | GZ4: 平均汇率 | HA4: =1/AVERAGE(HA6:HA31) -> 1.0976713 | HD4: 平均汇率 | HE4: =1/AVERAGE(HE6:HE31) -> 1.1021507 | HH4: 平均汇率 | HI4: =1/AVERAGE(HI6:HI31) -> 1.1134283 | HL4: 平均汇率 | HM4: =1/AVERAGE(HM6:HM31) -> 1.1251713 | HP4: 平均汇率 | HQ4: =1/AVERAGE(HQ6:HQ31) -> 1.1335853 | HT4: 平均汇率 | HU4: =1/AVERAGE(HU6:HU31) -> 1.1405741 | HX4: 平均汇率 | HY4: =1/AVERAGE(HY6:HY31) -> 1.1453478 | IB4: 平均汇率 | IC4: =1/AVERAGE(IC6:IC31) -> 1.1499307
B5: 日期 | C5: 港币 | F5: 日期 | G5: 港币 | K5: 日期 | L5: 港币 | P5: 日期 | Q5: 港币 | U5: 日期 | V5: 港币 | Z5: 日期 | AA5: 港币 | AE5: 日期 | AF5: 港币 | AJ5: 日期 | AK5: 港币 | AO5: 日期 | AP5: 港币 | AT5: 日期 | AU5: 港币 | AY5: 日期 | AZ5: 港币 | BD5: 日期 | BE5: 港币 | BI5: 日期 | BJ5: 港币 | BN5: 日期 | BO5: 港币 | BS5: 日期 | BT5: 港币 | BX5: 日期 | BY5: 港币 | CB5: 日期 | CC5: 港币 | CF5: 日期 | CG5: 港币 | CJ5: 日期 | CK5: 港币 | CN5: 日期 | CO5: 港币 | CR5: 日期 | CS5: 港币 | CV5: 日期 | CW5: 港币 | CZ5: 日期 | DA5: 港币 | DD5: 日期 | DE5: 港币 | DH5: 日期 | DI5: 港币 | DL5: 日期 | DM5: 港币 | DP5: 日期 | DQ5: 港币 | DT5: 日期 | DU5: 港币 | DX5: 日期 | DY5: 港币 | EB5: 日期 | EC5: 港币 | EF5: 日期 | EG5: 港币 | EJ5: 日期 | EK5: 港币 | EN5: 日期 | EO5: 港币 | ER5: 日期 | ES5: 港币 | EV5: 日期 | EW5: 港币 | EZ5: 日期 | FA5: 港币 | FD5: 日期 | FE5: 港币 | FH5: 日期 | FI5: 港币 | FL5: 日期 | FM5: 港币 | FP5: 日期 | FQ5: 港币 | FT5: 日期 | FU5: 港币 | FX5: 日期 | FY5: 港币 | GB5: 日期 | GC5: 港币 | GF5: 日期 | GG5: 港币 | GJ5: 日期 | GK5: 港币 | GN5: 日期 | GO5: 港币 | GR5: 日期 | GS5: 港币 | GV5: 日期 | GW5: 港币 | GZ5: 日期 | HA5: 港币 | HD5: 日期 | HE5: 港币 | HH5: 日期 | HI5: 港币 | HL5: 日期 | HM5: 港币 | HP5: 日期 | HQ5: 港币 | HT5: 日期 | HU5: 港币 | HX5: 日期 | HY5: 港币 | IB5: 日期 | IC5: 港币
B6: 2021-11-30 | C6: 81.792 | D6: =C6/100 -> 0.81792 | F6: 2021-12-31 | G6: 81.76 | H6: =G6/100 -> 0.8176 | K6: 2022-01-21 | L6: 81.518 | M6: =L6/100 -> 0.81518 | P6: 2022-02-28 | Q6: 80.932 | R6: =Q6/100 -> 0.80932 | U6: 2022-03-31 | V6: 81.101 | W6: =V6/100 -> 0.81101 | Z6: 2022-04-29 | AA6: 84.338 | AB6: =AA6/100 -> 0.84338 | AE6: 2022-05-31 | AF6: 84.865 | AG6: =AF6/100 -> 0.84865 | AJ6: 2022-06-30 | AK6: 85.519 | AL6: =AK6/100 -> 0.85519 | AO6: 2022-07-29 | AP6: 85.908 | AQ6: =AP6/100 -> 0.85908 | AT6: 2022-08-31 | AU6: 87.788 | AV6: =AU6/100 -> 0.87788 | AY6: 2022-09-30 | AZ6: 90.444 | BA6: =AZ6/100 -> 0.90444 | BD6: 2022-10-31 | BE6: 91.431 | BF6: =BE6/100 -> 0.91431 | BI6: 2022-11-30 | BJ6: 91.869 | BK6: =BJ6/100 -> 0.91869 | BN6: 2022-12-30 | BO6: 89.327 | BP6: =BO6/100 -> 0.89327 | BS6: 2023-01-31 | BT6: 86.267 | BU6: =BT6/100 -> 0.86267 | BX6: 44985 | BY6: 0.88604 | CB6: 45016 | CC6: 0.87541 | CF6: 45044 | CG6: 0.88206 | CJ6: 45077 | CK6: 0.90372 | CN6: 45107 | CO6: 0.92198 | CR6: 45138 | CS6: 0.91437 | CV6: 45169 | CW6: 0.91538 | CZ6: 45197 | DA6: 0.91763 | DD6: 45230 | DE6: 0.91783 | DH6: 45260 | DI6: 0.90979 | DL6: 45289 | DM6: 0.90622 | DP6: 45321 | DQ6: 0.9095 | DT6: 45351 | DU6: 0.90753 | DX6: 45380 | DY6: 0.90655 | EB6: 45412 | EC6: 0.90805 | EF6: 45443 | EG6: 0.90927 | EJ6: 45471 | EK6: 0.91268 | EN6: 45504 | EO6: 0.91336 | ER6: 45534 | ES6: 0.91222 | EV6: 45565 | EW6: 0.90179 | EZ6: 45596 | FA6: 0.91673 | FD6: 45625 | FE6: 0.92355 | FH6: 45657 | FI6: 0.92604 | FL6: 45674 | FM6: 0.92304 | FP6: 45716 | FQ6: 0.9226 | FT6: 45747 | FU6: 0.92283 | FX6: 45777 | FY6: 0.92813 | GB6: 45807 | GC6: 0.91642 | GF6: 45838 | GG6: 0.91195 | GJ6: 45869 | GK6: 0.91079 | GN6: 45898 | GO6: 0.91157 | GR6: 45930 | GS6: 0.91298 | GV6: 45961 | GW6: 0.91227 | GZ6: 45989 | HA6: 0.9099 | HD6: 46022 | HE6: 0.90322 | HH6: 46052 | HI6: 0.89262 | HL6: 46080 | HM6: 0.88484 | HP6: 46112 | HQ6: 0.88295 | HT6: 46142 | HU6: 0.87581 | HX6: 46171 | HY6: 0.87029 | IB6: 46203 | IC6: 0.86855
B7: 2021-11-29 | C7: 81.912 | D7: =C7/100 -> 0.81912 | F7: 2021-12-30 | G7: 81.653 | H7: =G7/100 -> 0.81653 | K7: 2022-01-20 | L7: 81.484 | M7: =L7/100 -> 0.81484 | P7: 2022-02-25 | Q7: 81.128 | R7: =Q7/100 -> 0.81128 | U7: 2022-03-30 | V7: 81.218 | W7: =V7/100 -> 0.81218 | Z7: 2022-04-28 | AA7: 83.64 | AB7: =AA7/100 -> 0.8364 | AE7: 2022-05-30 | AF7: 85.42 | AG7: =AF7/100 -> 0.8542 | AJ7: 2022-06-29 | AK7: 85.443 | AL7: =AK7/100 -> 0.85443 | AO7: 2022-07-28 | AP7: 85.881 | AQ7: =AP7/100 -> 0.85881 | AT7: 2022-08-30 | AU7: 87.672 | AV7: =AU7/100 -> 0.87672 | AY7: 2022-09-29 | AZ7: 90.578 | BA7: =AZ7/100 -> 0.90578 | BD7: 2022-10-28 | BE7: 91.343 | BF7: =BE7/100 -> 0.91343 | BI7: 2022-11-29 | BJ7: 92.115 | BK7: =BJ7/100 -> 0.92115 | BN7: 2022-12-29 | BO7: 89.573 | BP7: =BO7/100 -> 0.89573 | BS7: 2023-01-30 | BT7: 86.368 | BU7: =BT7/100 -> 0.86368 | BX7: 44984 | BY7: 0.88647 | CB7: 45015 | CC7: 0.87758 | CF7: 45043 | CG7: 0.88166 | CJ7: 45076 | CK7: 0.90469 | CN7: 45106 | CO7: 0.92183 | CR7: 45135 | CS7: 0.91431 | CV7: 45168 | CW7: 0.91523 | CZ7: 45196 | DA7: 0.91705 | DD7: 45229 | DE7: 0.91769 | DH7: 45259 | DI7: 0.91129 | DL7: 45288 | DM7: 0.90861 | DP7: 45320 | DQ7: 0.90973 | DT7: 45350 | DU7: 0.90823 | DX7: 45379 | DY7: 0.90685 | EB7: 45411 | EC7: 0.90772 | EF7: 45442 | EG7: 0.91019 | EJ7: 45470 | EK7: 0.91272 | EN7: 45503 | EO7: 0.91354 | ER7: 45533 | ES7: 0.91423 | EV7: 45562 | EW7: 0.90112 | EZ7: 45595 | FA7: 0.91877 | FD7: 45624 | FE7: 0.92398 | FH7: 45656 | FI7: 0.92584 | FL7: 45673 | FM7: 0.92326 | FP7: 45715 | FQ7: 0.92302 | FT7: 45744 | FU7: 0.92273 | FX7: 45776 | FY7: 0.92853 | GB7: 45806 | GC7: 0.91762 | GF7: 45835 | GG7: 0.9125 | GJ7: 45868 | GK7: 0.9101 | GN7: 45897 | GO7: 0.91267 | GR7: 45929 | GS7: 0.91368 | GV7: 45960 | GW7: 0.91195 | GZ7: 45988 | HA7: 0.90998 | HD7: 46021 | HE7: 0.90447 | HH7: 46051 | HI7: 0.89435 | HL7: 46079 | HM7: 0.88557 | HP7: 46111 | HQ7: 0.88384 | HT7: 46141 | HU7: 0.87563 | HX7: 46170 | HY7: 0.87115 | IB7: 46202 | IC7: 0.86919
B8: 2021-11-26 | C8: 81.996 | D8: =C8/100 -> 0.81996 | F8: 2021-12-29 | G8: 81.734 | H8: =G8/100 -> 0.81734 | K8: 2022-01-19 | L8: 81.649 | M8: =L8/100 -> 0.81649 | P8: 2022-02-24 | Q8: 81.079 | R8: =Q8/100 -> 0.81079 | U8: 2022-03-29 | V8: 81.289 | W8: =V8/100 -> 0.81289 | Z8: 2022-04-27 | AA8: 83.603 | AB8: =AA8/100 -> 0.83603 | AE8: 2022-05-27 | AF8: 85.847 | AG8: =AF8/100 -> 0.85847 | AJ8: 2022-06-28 | AK8: 85.305 | AL8: =AK8/100 -> 0.85305 | AO8: 2022-07-27 | AP8: 86.29 | AQ8: =AP8/100 -> 0.8629 | AT8: 2022-08-29 | AU8: 87.541 | AV8: =AU8/100 -> 0.87541 | AY8: 2022-09-28 | AZ8: 90.584 | BA8: =AZ8/100 -> 0.90584 | BD8: 2022-10-27 | BE8: 91.176 | BF8: =BE8/100 -> 0.91176 | BI8: 2022-11-28 | BJ8: 91.644 | BK8: =BJ8/100 -> 0.91644 | BN8: 2022-12-28 | BO8: 89.328 | BP8: =BO8/100 -> 0.89328 | BS8: 2023-01-20 | BT8: 86.456 | BU8: =BT8/100 -> 0.86456 | BX8: 44981 | BY8: 0.87862 | CB8: 45014 | CC8: 0.8761 | CF8: 45042 | CG8: 0.88206 | CJ8: 45075 | CK8: 0.90089 | CN8: 45105 | CO8: 0.92055 | CR8: 45134 | CS8: 0.91401 | CV8: 45167 | CW8: 0.91575 | CZ8: 45195 | DA8: 0.91767 | DD8: 45226 | DE8: 0.91782 | DH8: 45258 | DI8: 0.91314 | DL8: 45287 | DM8: 0.90901 | DP8: 45317 | DQ8: 0.90909 | DT8: 45349 | DU8: 0.90832 | DX8: 45378 | DY8: 0.90698 | EB8: 45408 | EC8: 0.90777 | EF8: 45441 | EG8: 0.91025 | EJ8: 45469 | EK8: 0.91235 | EN8: 45502 | EO8: 0.91339 | ER8: 45532 | ES8: 0.91278 | EV8: 45561 | EW8: 0.90382 | EZ8: 45594 | FA8: 0.91729 | FD8: 45623 | FE8: 0.92505 | FH8: 45653 | FI8: 0.92564 | FL8: 45672 | FM8: 0.92314 | FP8: 45714 | FQ8: 0.92298 | FT8: 45743 | FU8: 0.92294 | FX8: 45775 | FY8: 0.92877 | GB8: 45805 | GC8: 0.9172 | GF8: 45834 | GG8: 0.91254 | GJ8: 45867 | GK8: 0.91102 | GN8: 45896 | GO8: 0.91299 | GR8: 45926 | GS8: 0.9143 | GV8: 45959 | GW8: 0.912 | GZ8: 45987 | HA8: 0.91059 | HD8: 46020 | HE8: 0.90494 | HH8: 46050 | HI8: 0.89427 | HL8: 46078 | HM8: 0.88611 | HP8: 46108 | HQ8: 0.88361 | HT8: 46140 | HU8: 0.87514 | HX8: 46169 | HY8: 0.87151 | IB8: 46199 | IC8: 0.86942
B9: 2021-11-25 | C9: 82.045 | D9: =C9/100 -> 0.82045 | F9: 2021-12-28 | G9: 81.717 | H9: =G9/100 -> 0.81717 | K9: 2022-01-18 | L9: 81.538 | M9: =L9/100 -> 0.81538 | P9: 2022-02-23 | Q9: 81.144 | R9: =Q9/100 -> 0.81144 | U9: 2022-03-28 | V9: 81.407 | W9: =V9/100 -> 0.81407 | Z9: 2022-04-26 | AA9: 83.578 | AB9: =AA9/100 -> 0.83578 | AE9: 2022-05-26 | AF9: 85.057 | AG9: =AF9/100 -> 0.85057 | AJ9: 2022-06-27 | AK9: 85.166 | AL9: =AK9/100 -> 0.85166 | AO9: 2022-07-26 | AP9: 85.973 | AQ9: =AP9/100 -> 0.85973 | AT9: 2022-08-26 | AU9: 87.284 | AV9: =AU9/100 -> 0.87284 | AY9: 2022-09-27 | AZ9: 90.093 | BA9: =AZ9/100 -> 0.90093 | BD9: 2022-10-26 | BE9: 91.262 | BF9: =BE9/100 -> 0.91262 | BI9: 2022-11-25 | BJ9: 91.325 | BK9: =BJ9/100 -> 0.91325 | BN9: 2022-12-27 | BO9: 89.139 | BP9: =BO9/100 -> 0.89139 | BS9: 2023-01-19 | BT9: 86.487 | BU9: =BT9/100 -> 0.86487 | BX9: 44980 | BY9: 0.88002 | CB9: 45013 | CC9: 0.8758 | CF9: 45041 | CG9: 0.87715 | CJ9: 45072 | CK9: 0.90314 | CN9: 45104 | CO9: 0.92048 | CR9: 45133 | CS9: 0.91292 | CV9: 45166 | CW9: 0.91603 | CZ9: 45194 | DA9: 0.91755 | DD9: 45225 | DE9: 0.9176 | DH9: 45257 | DI9: 0.9135 | DL9: 45286 | DM9: 0.90859 | DP9: 45316 | DQ9: 0.90866 | DT9: 45348 | DU9: 0.90844 | DX9: 45377 | DY9: 0.90706 | EB9: 45407 | EC9: 0.90743 | EF9: 45440 | EG9: 0.91082 | EJ9: 45468 | EK9: 0.91234 | EN9: 45499 | EO9: 0.91304 | ER9: 45531 | ES9: 0.91359 | EV9: 45560 | EW9: 0.90194 | EZ9: 45593 | FA9: 0.91733 | FD9: 45622 | FE9: 0.92407 | FH9: 45652 | FI9: 0.92572 | FL9: 45671 | FM9: 0.92346 | FP9: 45713 | FQ9: 0.92245 | FT9: 45742 | FU9: 0.92286 | FX9: 45772 | FY9: 0.92883 | GB9: 45804 | GC9: 0.91723 | GF9: 45833 | GG9: 0.91298 | GJ9: 45866 | GK9: 0.91051 | GN9: 45895 | GO9: 0.91164 | GR9: 45925 | GS9: 0.91434 | GV9: 45958 | GW9: 0.91228 | GZ9: 45986 | HA9: 0.9102 | HD9: 46017 | HE9: 0.90486 | HH9: 46049 | HI9: 0.89592 | HL9: 46077 | HM9: 0.88773 | HP9: 46107 | HQ9: 0.88357 | HT9: 46139 | HU9: 0.87536 | HX9: 46168 | HY9: 0.87155 | IB9: 46198 | IC9: 0.87012
B10: 2021-11-24 | C10: 82.001 | D10: =C10/100 -> 0.82001 | F10: 2021-12-27 | G10: 81.659 | H10: =G10/100 -> 0.81659 | K10: 2022-01-17 | L10: 81.675 | M10: =L10/100 -> 0.81675 | P10: 2022-02-22 | Q10: 81.372 | R10: =Q10/100 -> 0.81372 | U10: 2022-03-25 | V10: 81.472 | W10: =V10/100 -> 0.81472 | Z10: 2022-04-25 | AA10: 82.721 | AB10: =AA10/100 -> 0.82721 | AE10: 2022-05-25 | AF10: 84.785 | AG10: =AF10/100 -> 0.84785 | AJ10: 2022-06-24 | AK10: 85.354 | AL10: =AK10/100 -> 0.85354 | AO10: 2022-07-25 | AP10: 86.049 | AQ10: =AP10/100 -> 0.86049 | AT10: 2022-08-25 | AU10: 87.355 | AV10: =AU10/100 -> 0.87355 | AY10: 2022-09-26 | AZ10: 89.551 | BA10: =AZ10/100 -> 0.89551 | BD10: 2022-10-25 | BE10: 91.299 | BF10: =BE10/100 -> 0.91299 | BI10: 2022-11-24 | BJ10: 91.066 | BK10: =BJ10/100 -> 0.91066 | BN10: 2022-12-26 | BO10: 89.451 | BP10: =BO10/100 -> 0.89451 | BS10: 2023-01-18 | BT10: 86.434 | BU10: =BT10/100 -> 0.86434 | BX10: 44979 | BY10: 0.8767 | CB10: 45012 | CC10: 0.8754 | CF10: 45040 | CG10: 0.87719 | CJ10: 45071 | CK10: 0.90091 | CN10: 45103 | CO10: 0.92013 | CR10: 45132 | CS10: 0.91393 | CV10: 45163 | CW10: 0.91653 | CZ10: 45191 | DA10: 0.91753 | DD10: 45224 | DE10: 0.91757 | DH10: 45254 | DI10: 0.91237 | DL10: 45285 | DM10: 0.90847 | DP10: 45315 | DQ10: 0.90839 | DT10: 45345 | DU10: 0.90848 | DX10: 45376 | DY10: 0.90774 | EB10: 45406 | EC10: 0.90678 | EF10: 45439 | EG10: 0.90981 | EJ10: 45467 | EK10: 0.91239 | EN10: 45498 | EO10: 0.9134 | ER10: 45530 | ES10: 0.91267 | EV10: 45559 | EW10: 0.90545 | EZ10: 45590 | FA10: 0.91496 | FD10: 45621 | FE10: 0.92408 | FH10: 45651 | FI10: 0.92532 | FL10: 45670 | FM10: 0.92308 | FP10: 45712 | FQ10: 0.92306 | FT10: 45741 | FU10: 0.92342 | FX10: 45771 | FY10: 0.92915 | GB10: 45803 | GC10: 0.91689 | GF10: 45832 | GG10: 0.91283 | GJ10: 45863 | GK10: 0.90983 | GN10: 45894 | GO10: 0.91066 | GR10: 45924 | GS10: 0.91429 | GV10: 45957 | GW10: 0.91246 | GZ10: 45985 | HA10: 0.9103 | HD10: 46016 | HE10: 0.90526 | HH10: 46048 | HI10: 0.89594 | HL10: 46066 | HM10: 0.88787 | HP10: 46106 | HQ10: 0.88092 | HT10: 46136 | HU10: 0.87666 | HX10: 46167 | HY10: 0.87208 | IB10: 46197 | IC10: 0.86975
B11: 2021-11-23 | C11: 82.06 | D11: =C11/100 -> 0.8206 | F11: 2021-12-24 | G11: 81.67 | H11: =G11/100 -> 0.8167 | K11: 2022-01-14 | L11: 81.755 | M11: =L11/100 -> 0.81755 | P11: 2022-02-21 | Q11: 81.275 | R11: =Q11/100 -> 0.81275 | U11: 2022-03-24 | V11: 81.35 | W11: =V11/100 -> 0.8135 | Z11: 2022-04-22 | AA11: 82.34 | AB11: =AA11/100 -> 0.8234 | AE11: 2022-05-24 | AF11: 84.804 | AG11: =AF11/100 -> 0.84804 | AJ11: 2022-06-23 | AK11: 85.456 | AL11: =AK11/100 -> 0.85456 | AO11: 2022-07-22 | AP11: 86.029 | AQ11: =AP11/100 -> 0.86029 | AT11: 2022-08-24 | AU11: 87.153 | AV11: =AU11/100 -> 0.87153 | AY11: 2022-09-23 | AZ11: 89.08 | BA11: =AZ11/100 -> 0.8908 | BD11: 2022-10-24 | BE11: 90.744 | BF11: =BE11/100 -> 0.90744 | BI11: 2022-11-23 | BJ11: 91.182 | BK11: =BJ11/100 -> 0.91182 | BN11: 2022-12-23 | BO11: 89.546 | BP11: =BO11/100 -> 0.89546 | BS11: 2023-01-17 | BT11: 86.064 | BU11: =BT11/100 -> 0.86064 | BX11: 44978 | BY11: 0.87459 | CB11: 45009 | CC11: 0.87107 | CF11: 45037 | CG11: 0.87609 | CJ11: 45070 | CK11: 0.9006 | CN11: 45098 | CO11: 0.91751 | CR11: 45131 | CS11: 0.914 | CV11: 45162 | CW11: 0.91697 | CZ11: 45190 | DA11: 0.91693 | DD11: 45223 | DE11: 0.91739 | DH11: 45253 | DI11: 0.91329 | DL11: 45282 | DM11: 0.90862 | DP11: 45314 | DQ11: 0.90967 | DT11: 45344 | DU11: 0.90817 | DX11: 45373 | DY11: 0.90792 | EB11: 45405 | EC11: 0.90687 | EF11: 45436 | EG11: 0.91048 | EJ11: 45464 | EK11: 0.91232 | EN11: 45497 | EO11: 0.91381 | ER11: 45527 | ES11: 0.91524 | EV11: 45558 | EW11: 0.90536 | EZ11: 45589 | FA11: 0.91755 | FD11: 45618 | FE11: 0.92439 | FH11: 45650 | FI11: 0.92506 | FL11: 45667 | FM11: 0.92389 | FP11: 45709 | FQ11: 0.9221 | FT11: 45740 | FU11: 0.92347 | FX11: 45770 | FY11: 0.9295 | GB11: 45800 | GC11: 0.9186 | GF11: 45831 | GG11: 0.91352 | GJ11: 45862 | GK11: 0.90941 | GN11: 45891 | GO11: 0.91285 | GR11: 45923 | GS11: 0.91451 | GV11: 45954 | GW11: 0.91266 | GZ11: 45982 | HA11: 0.9103 | HD11: 46015 | HE11: 0.90623 | HH11: 46045 | HI11: 0.89676 | HL11: 46065 | HM11: 0.88881 | HP11: 46105 | HQ11: 0.88015 | HT11: 46135 | HU11: 0.87648 | HX11: 46164 | HY11: 0.87261 | IB11: 46196 | IC11: 0.86953
B12: 2021-11-22 | C12: 82.096 | D12: =C12/100 -> 0.82096 | F12: 2021-12-23 | G12: 81.607 | H12: =G12/100 -> 0.81607 | K12: 2022-01-13 | L12: 81.549 | M12: =L12/100 -> 0.81549 | P12: 2022-02-18 | Q12: 81.212 | R12: =Q12/100 -> 0.81212 | U12: 2022-03-23 | V12: 81.201 | W12: =V12/100 -> 0.81201 | Z12: 2022-04-21 | AA12: 81.715 | AB12: =AA12/100 -> 0.81715 | AE12: 2022-05-23 | AF12: 85.063 | AG12: =AF12/100 -> 0.85063 | AJ12: 2022-06-22 | AK12: 85.49 | AL12: =AK12/100 -> 0.8549 | AO12: 2022-07-21 | AP12: 86.144 | AQ12: =AP12/100 -> 0.86144 | AT12: 2022-08-23 | AU12: 87.326 | AV12: =AU12/100 -> 0.87326 | AY12: 2022-09-22 | AZ12: 88.917 | BA12: =AZ12/100 -> 0.88917 | BD12: 2022-10-21 | BE12: 90.689 | BF12: =BE12/100 -> 0.90689 | BI12: 2022-11-22 | BJ12: 91.859 | BK12: =BJ12/100 -> 0.91859 | BN12: 2022-12-22 | BO12: 89.508 | BP12: =BO12/100 -> 0.89508 | BS12: 2023-01-16 | BT12: 85.958 | BU12: =BT12/100 -> 0.85958 | BX12: 44977 | BY12: 0.87535 | CB12: 45008 | CC12: 0.87554 | CF12: 45036 | CG12: 0.87895 | CJ12: 45069 | CK12: 0.89842 | CN12: 45097 | CO12: 0.9161 | CR12: 45128 | CS12: 0.91447 | CV12: 45161 | CW12: 0.91841 | CZ12: 45189 | DA12: 0.91715 | DD12: 45222 | DE12: 0.91739 | DH12: 45252 | DI12: 0.91411 | DL12: 45281 | DM12: 0.90984 | DP12: 45313 | DQ12: 0.90947 | DT12: 45343 | DU12: 0.90826 | DX12: 45372 | DY12: 0.90709 | EB12: 45404 | EC12: 0.90696 | EF12: 45435 | EG12: 0.91094 | EJ12: 45463 | EK12: 0.91199 | EN12: 45496 | EO12: 0.91377 | ER12: 45526 | ES12: 0.91411 | EV12: 45555 | EW12: 0.90655 | EZ12: 45588 | FA12: 0.9166 | FD12: 45617 | FE12: 0.92425 | FH12: 45649 | FI12: 0.92468 | FL12: 45666 | FM12: 0.92404 | FP12: 45708 | FQ12: 0.9221 | FT12: 45737 | FU12: 0.92328 | FX12: 45769 | FY12: 0.92871 | GB12: 45799 | GC12: 0.91858 | GF12: 45828 | GG12: 0.91333 | GJ12: 45861 | GK12: 0.90975 | GN12: 45890 | GO12: 0.91254 | GR12: 45922 | GS12: 0.91499 | GV12: 45953 | GW12: 0.91251 | GZ12: 45981 | HA12: 0.91064 | HD12: 46014 | HE12: 0.90673 | HH12: 46044 | HI12: 0.8982 | HL12: 46064 | HM12: 0.88825 | HP12: 46104 | HQ12: 0.88114 | HT12: 46134 | HU12: 0.8764 | HX12: 46163 | HY12: 0.87267 | IB12: 46195 | IC12: 0.86955
B13: 2021-11-19 | C13: 81.934 | D13: =C13/100 -> 0.81934 | F13: 2021-12-22 | G13: 81.664 | H13: =G13/100 -> 0.81664 | K13: 2022-01-12 | L13: 81.662 | M13: =L13/100 -> 0.81662 | P13: 2022-02-17 | Q13: 81.176 | R13: =Q13/100 -> 0.81176 | U13: 2022-03-22 | V13: 81.341 | W13: =V13/100 -> 0.81341 | Z13: 2022-04-20 | AA13: 81.6 | AB13: =AA13/100 -> 0.816 | AE13: 2022-05-20 | AF13: 86.004 | AG13: =AF13/100 -> 0.86004 | AJ13: 2022-06-21 | AK13: 85.162 | AL13: =AK13/100 -> 0.85162 | AO13: 2022-07-20 | AP13: 85.943 | AQ13: =AP13/100 -> 0.85943 | AT13: 2022-08-22 | AU13: 86.913 | AV13: =AU13/100 -> 0.86913 | AY13: 2022-09-21 | AZ13: 88.586 | BA13: =AZ13/100 -> 0.88586 | BD13: 2022-10-20 | BE13: 90.688 | BF13: =BE13/100 -> 0.90688 | BI13: 2022-11-21 | BJ13: 91.108 | BK13: =BJ13/100 -> 0.91108 | BN13: 2022-12-21 | BO13: 89.424 | BP13: =BO13/100 -> 0.89424 | BS13: 2023-01-13 | BT13: 86.171 | BU13: =BT13/100 -> 0.86171 | BX13: 44974 | BY13: 0.87474 | CB13: 45007 | CC13: 0.87562 | CF13: 45035 | CG13: 0.87576 | CJ13: 45068 | CK13: 0.89706 | CN13: 45096 | CO13: 0.9102 | CR13: 45127 | CS13: 0.91516 | CV13: 45160 | CW13: 0.91843 | CZ13: 45188 | DA13: 0.91778 | DD13: 45219 | DE13: 0.91786 | DH13: 45251 | DI13: 0.91629 | DL13: 45280 | DM13: 0.90999 | DP13: 45310 | DQ13: 0.91006 | DT13: 45342 | DU13: 0.90862 | DX13: 45371 | DY13: 0.90722 | EB13: 45401 | EC13: 0.90711 | EF13: 45434 | EG13: 0.91072 | EJ13: 45462 | EK13: 0.91137 | EN13: 45495 | EO13: 0.91333 | ER13: 45525 | ES13: 0.91553 | EV13: 45554 | EW13: 0.9106 | EZ13: 45587 | FA13: 0.91612 | FD13: 45616 | FE13: 0.92422 | FH13: 45646 | FI13: 0.92545 | FL13: 45665 | FM13: 0.92453 | FP13: 45707 | FQ13: 0.92209 | FT13: 45736 | FU13: 0.92353 | FX13: 45768 | FY13: 0.92848 | GB13: 45798 | GC13: 0.91889 | GF13: 45827 | GG13: 0.91378 | GJ13: 45860 | GK13: 0.91034 | GN13: 45889 | GO13: 0.91477 | GR13: 45919 | GS13: 0.91457 | GV13: 45952 | GW13: 0.91303 | GZ13: 45980 | HA13: 0.91023 | HD13: 46013 | HE13: 0.90699 | HH13: 46043 | HI13: 0.89779 | HL13: 46063 | HM13: 0.88882 | HP13: 46101 | HQ13: 0.87915 | HT13: 46133 | HU13: 0.87588 | HX13: 46162 | HY13: 0.87306 | IB13: 46191 | IC13: 0.86948
B14: 2021-11-18 | C14: 81.913 | D14: =C14/100 -> 0.81913 | F14: 2021-12-21 | G14: 81.699 | H14: =G14/100 -> 0.81699 | K14: 2022-01-11 | L14: 81.689 | M14: =L14/100 -> 0.81689 | P14: 2022-02-16 | Q14: 81.338 | R14: =Q14/100 -> 0.81338 | U14: 2022-03-21 | V14: 81.381 | W14: =V14/100 -> 0.81381 | Z14: 2022-04-19 | AA14: 81.24 | AB14: =AA14/100 -> 0.8124 | AE14: 2022-05-19 | AF14: 86.033 | AG14: =AF14/100 -> 0.86033 | AJ14: 2022-06-20 | AK14: 85.505 | AL14: =AK14/100 -> 0.85505 | AO14: 2022-07-19 | AP14: 85.925 | AQ14: =AP14/100 -> 0.85925 | AT14: 2022-08-19 | AU14: 86.766 | AV14: =AU14/100 -> 0.86766 | AY14: 2022-09-20 | AZ14: 88.507 | BA14: =AZ14/100 -> 0.88507 | BD14: 2022-10-19 | BE14: 90.583 | BF14: =BE14/100 -> 0.90583 | BI14: 2022-11-18 | BJ14: 90.823 | BK14: =BJ14/100 -> 0.90823 | BN14: 2022-12-20 | BO14: 89.792 | BP14: =BO14/100 -> 0.89792 | BS14: 2023-01-12 | BT14: 86.64 | BU14: =BT14/100 -> 0.8664 | BX14: 44973 | BY14: 0.87315 | CB14: 45006 | CC14: 0.87721 | CF14: 45034 | CG14: 0.87665 | CJ14: 45065 | CK14: 0.89961 | CN14: 45093 | CO14: 0.91175 | CR14: 45126 | CS14: 0.9149 | CV14: 45159 | CW14: 0.91911 | CZ14: 45187 | DA14: 0.91663 | DD14: 45218 | DE14: 0.91721 | DH14: 45250 | DI14: 0.91848 | DL14: 45279 | DM14: 0.91068 | DP14: 45309 | DQ14: 0.91021 | DT14: 45341 | DU14: 0.90819 | DX14: 45370 | DY14: 0.90772 | EB14: 45400 | EC14: 0.90707 | EF14: 45433 | EG14: 0.91153 | EJ14: 45461 | EK14: 0.91095 | EN14: 45492 | EO14: 0.91311 | ER14: 45524 | ES14: 0.916 | EV14: 45553 | EW14: 0.90937 | EZ14: 45586 | FA14: 0.9136 | FD14: 45615 | FE14: 0.92392 | FH14: 45645 | FI14: 0.92526 | FL14: 45664 | FM14: 0.92453 | FP14: 45706 | FQ14: 0.92135 | FT14: 45735 | FU14: 0.92278 | FX14: 45765 | FY14: 0.92831 | GB14: 45797 | GC14: 0.91941 | GF14: 45826 | GG14: 0.91417 | GJ14: 45859 | GK14: 0.91125 | GN14: 45888 | GO14: 0.91247 | GR14: 45918 | GS14: 0.91419 | GV14: 45951 | GW14: 0.91296 | GZ14: 45979 | HA14: 0.91145 | HD14: 46010 | HE14: 0.90675 | HH14: 46042 | HI14: 0.89775 | HL14: 46062 | HM14: 0.88969 | HP14: 46100 | HQ14: 0.88006 | HT14: 46132 | HU14: 0.87663 | HX14: 46161 | HY14: 0.87318 | IB14: 46190 | IC14: 0.86945
B15: 2021-11-17 | C15: 82.093 | D15: =C15/100 -> 0.82093 | F15: 2021-12-20 | G15: 81.934 | H15: =G15/100 -> 0.81934 | K15: 2022-01-10 | L15: 81.622 | M15: =L15/100 -> 0.81622 | P15: 2022-02-15 | Q15: 81.522 | R15: =Q15/100 -> 0.81522 | U15: 2022-03-18 | V15: 81.134 | W15: =V15/100 -> 0.81134 | Z15: 2022-04-18 | AA15: 81.293 | AB15: =AA15/100 -> 0.81293 | AE15: 2022-05-18 | AF15: 85.892 | AG15: =AF15/100 -> 0.85892 | AJ15: 2022-06-17 | AK15: 85.255 | AL15: =AK15/100 -> 0.85255 | AO15: 2022-07-18 | AP15: 85.92 | AQ15: =AP15/100 -> 0.8592 | AT15: 2022-08-18 | AU15: 86.441 | AV15: =AU15/100 -> 0.86441 | AY15: 2022-09-19 | AZ15: 88.413 | BA15: =AZ15/100 -> 0.88413 | BD15: 2022-10-18 | BE15: 90.559 | BF15: =BE15/100 -> 0.90559 | BI15: 2022-11-17 | BJ15: 90.323 | BK15: =BJ15/100 -> 0.90323 | BN15: 2022-12-19 | BO15: 89.573 | BP15: =BO15/100 -> 0.89573 | BS15: 2023-01-11 | BT15: 86.751 | BU15: =BT15/100 -> 0.86751 | BX15: 44972 | BY15: 0.86904 | CB15: 45005 | CC15: 0.87523 | CF15: 45033 | CG15: 0.87492 | CJ15: 45064 | CK15: 0.89376 | CN15: 45092 | CO15: 0.91313 | CR15: 45125 | CS15: 0.91436 | CV15: 45156 | CW15: 0.91991 | CZ15: 45184 | DA15: 0.91706 | DD15: 45217 | DE15: 0.91764 | DH15: 45247 | DI15: 0.91988 | DL15: 45278 | DM15: 0.9092 | DP15: 45308 | DQ15: 0.90954 | DT15: 45331 | DU15: 0.90819 | DX15: 45369 | DY15: 0.90696 | EB15: 45399 | EC15: 0.9069 | EF15: 45432 | EG15: 0.91034 | EJ15: 45460 | EK15: 0.91087 | EN15: 45491 | EO15: 0.91317 | ER15: 45523 | ES15: 0.91624 | EV15: 45548 | EW15: 0.91069 | EZ15: 45583 | FA15: 0.91696 | FD15: 45614 | FE15: 0.92371 | FH15: 45644 | FI15: 0.92518 | FL15: 45663 | FM15: 0.92406 | FP15: 45705 | FQ15: 0.9211 | FT15: 45734 | FU15: 0.92323 | FX15: 45764 | FY15: 0.92888 | GB15: 45796 | GC15: 0.91985 | GF15: 45825 | GG15: 0.91402 | GJ15: 45856 | GK15: 0.91092 | GN15: 45887 | GO15: 0.91108 | GR15: 45917 | GS15: 0.91278 | GV15: 45950 | GW15: 0.91362 | GZ15: 45978 | HA15: 0.91117 | HD15: 46009 | HE15: 0.90736 | HH15: 46041 | HI15: 0.89828 | HL15: 46059 | HM15: 0.8908 | HP15: 46099 | HQ15: 0.87918 | HT15: 46129 | HU15: 0.87697 | HX15: 46160 | HY15: 0.87408 | IB15: 46189 | IC15: 0.86932
B16: 2021-11-16 | C16: 82.069 | D16: =C16/100 -> 0.82069 | F16: 2021-12-17 | G16: 81.568 | H16: =G16/100 -> 0.81568 | K16: 2022-01-07 | L16: 81.707 | M16: =L16/100 -> 0.81707 | P16: 2022-02-14 | Q16: 81.611 | R16: =Q16/100 -> 0.81611 | U16: 2022-03-17 | V16: 81.116 | W16: =V16/100 -> 0.81116 | Z16: 2022-04-15 | AA16: 81.47 | AB16: =AA16/100 -> 0.8147 | AE16: 2022-05-17 | AF16: 86.439 | AG16: =AF16/100 -> 0.86439 | AJ16: 2022-06-16 | AK16: 85.486 | AL16: =AK16/100 -> 0.85486 | AO16: 2022-07-15 | AP16: 85.993 | AQ16: =AP16/100 -> 0.85993 | AT16: 2022-08-17 | AU16: 86.563 | AV16: =AU16/100 -> 0.86563 | AY16: 2022-09-16 | AZ16: 88.297 | BA16: =AZ16/100 -> 0.88297 | BD16: 2022-10-17 | BE16: 90.568 | BF16: =BE16/100 -> 0.90568 | BI16: 2022-11-16 | BJ16: 89.921 | BK16: =BJ16/100 -> 0.89921 | BN16: 2022-12-16 | BO16: 89.731 | BP16: =BO16/100 -> 0.89731 | BS16: 2023-01-10 | BT16: 86.585 | BU16: =BT16/100 -> 0.86585 | BX16: 44971 | BY16: 0.86799 | CB16: 45002 | CC16: 0.87969 | CF16: 45030 | CG16: 0.87399 | CJ16: 45063 | CK16: 0.88985 | CN16: 45091 | CO16: 0.91375 | CR16: 45124 | CS16: 0.91273 | CV16: 45155 | CW16: 0.92035 | CZ16: 45183 | DA16: 0.91807 | DD16: 45216 | DE16: 0.91851 | DH16: 45246 | DI16: 0.91866 | DL16: 45275 | DM16: 0.90898 | DP16: 45307 | DQ16: 0.90934 | DT16: 45330 | DU16: 0.90879 | DX16: 45366 | DY16: 0.90735 | EB16: 45398 | EC16: 0.90705 | EF16: 45429 | EG16: 0.91057 | EJ16: 45457 | EK16: 0.91091 | EN16: 45490 | EO16: 0.91358 | ER16: 45520 | ES16: 0.91654 | EV16: 45547 | EW16: 0.91332 | EZ16: 45582 | FA16: 0.91637 | FD16: 45611 | FE16: 0.92499 | FH16: 45643 | FI16: 0.9248 | FL16: 45660 | FM16: 0.92427 | FP16: 45702 | FQ16: 0.92091 | FT16: 45733 | FU16: 0.92242 | FX16: 45763 | FY16: 0.92997 | GB16: 45793 | GC16: 0.92146 | GF16: 45824 | GG16: 0.91457 | GJ16: 45855 | GK16: 0.91035 | GN16: 45884 | GO16: 0.91054 | GR16: 45916 | GS16: 0.913 | GV16: 45947 | GW16: 0.91319 | GZ16: 45975 | HA16: 0.91139 | HD16: 46008 | HE16: 0.90719 | HH16: 46038 | HI16: 0.89877 | HL16: 46058 | HM16: 0.89062 | HP16: 46098 | HQ16: 0.88073 | HT16: 46128 | HU16: 0.87629 | HX16: 46157 | HY16: 0.87343 | IB16: 46188 | IC16: 0.86897
B17: 2021-11-15 | C17: 82.005 | D17: =C17/100 -> 0.82005 | F17: 2021-12-16 | G17: 81.553 | H17: =G17/100 -> 0.81553 | K17: 2022-01-06 | L17: 81.739 | M17: =L17/100 -> 0.81739 | P17: 2022-02-11 | Q17: 81.656 | R17: =Q17/100 -> 0.81656 | U17: 2022-03-16 | V17: 81.536 | W17: =V17/100 -> 0.81536 | Z17: 2022-04-14 | AA17: 81.047 | AB17: =AA17/100 -> 0.81047 | AE17: 2022-05-16 | AF17: 86.461 | AG17: =AF17/100 -> 0.86461 | AJ17: 2022-06-15 | AK17: 86.011 | AL17: =AK17/100 -> 0.86011 | AO17: 2022-07-14 | AP17: 85.694 | AQ17: =AP17/100 -> 0.85694 | AT17: 2022-08-16 | AU17: 86.418 | AV17: =AU17/100 -> 0.86418 | AY17: 2022-09-15 | AZ17: 88.048 | BA17: =AZ17/100 -> 0.88048 | BD17: 2022-10-14 | BE17: 90.56 | BF17: =BE17/100 -> 0.9056 | BI17: 2022-11-15 | BJ17: 89.861 | BK17: =BJ17/100 -> 0.89861 | BN17: 2022-12-15 | BO17: 89.169 | BP17: =BO17/100 -> 0.89169 | BS17: 2023-01-09 | BT17: 87.431 | BU17: =BT17/100 -> 0.87431 | BX17: 44970 | BY17: 0.86819 | CB17: 45001 | CC17: 0.88107 | CF17: 45029 | CG17: 0.87489 | CJ17: 45062 | CK17: 0.88691 | CN17: 45090 | CO17: 0.91256 | CR17: 45121 | CS17: 0.91191 | CV17: 45154 | CW17: 0.92007 | CZ17: 45182 | DA17: 0.91859 | DD17: 45215 | DE17: 0.9177 | DH17: 45245 | DI17: 0.91926 | DL17: 45274 | DM17: 0.91064 | DP17: 45306 | DQ17: 0.909 | DT17: 45329 | DU17: 0.90843 | DX17: 45365 | DY17: 0.90739 | EB17: 45397 | EC17: 0.90577 | EF17: 45428 | EG17: 0.90998 | EJ17: 45456 | EK17: 0.9108 | EN17: 45489 | EO17: 0.91368 | ER17: 45519 | ES17: 0.91626 | EV17: 45546 | EW17: 0.91293 | EZ17: 45581 | FA17: 0.9165 | FD17: 45610 | FE17: 0.92496 | FH17: 45642 | FI17: 0.92444 | FL17: 45659 | FM17: 0.92489 | FP17: 45701 | FQ17: 0.9209 | FT17: 45730 | FU17: 0.92303 | FX17: 45762 | FY17: 0.92948 | GB17: 45792 | GC17: 0.92209 | GF17: 45821 | GG17: 0.91444 | GJ17: 45854 | GK17: 0.91121 | GN17: 45883 | GO17: 0.90887 | GR17: 45915 | GS17: 0.91331 | GV17: 45946 | GW17: 0.91295 | GZ17: 45974 | HA17: 0.91195 | HD17: 46007 | HE17: 0.90733 | HH17: 46037 | HI17: 0.8988 | HL17: 46057 | HM17: 0.88978 | HP17: 46097 | HQ17: 0.88217 | HT17: 46127 | HU17: 0.8754 | HX17: 46156 | HY17: 0.87363 | IB17: 46185 | IC17: 0.86926
B18: 2021-11-12 | C18: 82.229 | D18: =C18/100 -> 0.82229 | F18: 2021-12-15 | G18: 81.672 | H18: =G18/100 -> 0.81672 | K18: 2022-01-05 | L18: 81.836 | M18: =L18/100 -> 0.81836 | P18: 2022-02-10 | Q18: 81.622 | R18: =Q18/100 -> 0.81622 | U18: 2022-03-15 | V18: 81.45 | W18: =V18/100 -> 0.8145 | Z18: 2022-04-13 | AA18: 81.341 | AB18: =AA18/100 -> 0.81341 | AE18: 2022-05-13 | AF18: 86.495 | AG18: =AF18/100 -> 0.86495 | AJ18: 2022-06-14 | AK18: 85.965 | AL18: =AK18/100 -> 0.85965 | AO18: 2022-07-13 | AP18: 85.711 | AQ18: =AP18/100 -> 0.85711 | AT18: 2022-08-15 | AU18: 86.025 | AV18: =AU18/100 -> 0.86025 | AY18: 2022-09-14 | AZ18: 88.056 | BA18: =AZ18/100 -> 0.88056 | BD18: 2022-10-13 | BE18: 90.585 | BF18: =BE18/100 -> 0.90585 | BI18: 2022-11-14 | BJ18: 90.449 | BK18: =BJ18/100 -> 0.90449 | BN18: 2022-12-14 | BO18: 89.409 | BP18: =BO18/100 -> 0.89409 | BS18: 2023-01-06 | BT18: 88.186 | BU18: =BT18/100 -> 0.88186 | BX18: 44967 | BY18: 0.86479 | CB18: 45000 | CC18: 0.87502 | CF18: 45028 | CG18: 0.87714 | CJ18: 45061 | CK18: 0.88801 | CN18: 45089 | CO18: 0.90864 | CR18: 45120 | CS18: 0.91398 | CV18: 45153 | CW18: 0.91765 | CZ18: 45181 | DA18: 0.91894 | DD18: 45212 | DE18: 0.91747 | DH18: 45244 | DI18: 0.91902 | DL18: 45273 | DM18: 0.91087 | DP18: 45303 | DQ18: 0.90894 | DT18: 45328 | DU18: 0.90864 | DX18: 45364 | DY18: 0.90661 | EB18: 45394 | EC18: 0.9055 | EF18: 45427 | EG18: 0.90955 | EJ18: 45455 | EK18: 0.91081 | EN18: 45488 | EO18: 0.91333 | ER18: 45518 | ES18: 0.91691 | EV18: 45545 | EW18: 0.91234 | EZ18: 45580 | FA18: 0.91225 | FD18: 45609 | FE18: 0.92553 | FH18: 45639 | FI18: 0.92442 | FP18: 45700 | FQ18: 0.92021 | FT18: 45729 | FU18: 0.92323 | FX18: 45761 | FY18: 0.9295 | GB18: 45791 | GC18: 0.92286 | GF18: 45820 | GG18: 0.91481 | GJ18: 45853 | GK18: 0.91081 | GN18: 45882 | GO18: 0.90897 | GR18: 45912 | GS18: 0.91193 | GV18: 45945 | GW18: 0.91336 | GZ18: 45973 | HA18: 0.91139 | HD18: 46006 | HE18: 0.90776 | HH18: 46036 | HI18: 0.89884 | HL18: 46056 | HM18: 0.89117 | HP18: 46094 | HQ18: 0.88163 | HT18: 46126 | HU18: 0.87579 | HX18: 46155 | HY18: 0.87408 | IB18: 46184 | IC18: 0.86975
B19: 2021-11-11 | C19: 82.321 | D19: =C19/100 -> 0.82321 | F19: 2021-12-14 | G19: 81.601 | H19: =G19/100 -> 0.81601 | K19: 2022-01-04 | L19: 81.81 | M19: =L19/100 -> 0.8181 | P19: 2022-02-09 | Q19: 81.667 | R19: =Q19/100 -> 0.81667 | U19: 2022-03-14 | V19: 81.112 | W19: =V19/100 -> 0.81112 | Z19: 2022-04-12 | AA19: 81.392 | AB19: =AA19/100 -> 0.81392 | AE19: 2022-05-12 | AF19: 85.723 | AG19: =AF19/100 -> 0.85723 | AJ19: 2022-06-13 | AK19: 85.585 | AL19: =AK19/100 -> 0.85585 | AO19: 2022-07-12 | AP19: 85.718 | AQ19: =AP19/100 -> 0.85718 | AT19: 2022-08-12 | AU19: 85.992 | AV19: =AU19/100 -> 0.85992 | AY19: 2022-09-13 | AZ19: 87.82 | BA19: =AZ19/100 -> 0.8782 | BD19: 2022-10-12 | BE19: 90.578 | BF19: =BE19/100 -> 0.90578 | BI19: 2022-11-11 | BJ19: 91.698 | BK19: =BJ19/100 -> 0.91698 | BN19: 2022-12-13 | BO19: 89.714 | BP19: =BO19/100 -> 0.89714 | BS19: 2023-01-05 | BT19: 88.172 | BU19: =BT19/100 -> 0.88172 | BX19: 44966 | BY19: 0.86517 | CB19: 44999 | CC19: 0.87962 | CF19: 45027 | CG19: 0.87753 | CJ19: 45058 | CK19: 0.88632 | CN19: 45086 | CO19: 0.90763 | CR19: 45119 | CS19: 0.91665 | CV19: 45152 | CW19: 0.91701 | CZ19: 45180 | DA19: 0.92016 | DD19: 45211 | DE19: 0.91758 | DH19: 45243 | DI19: 0.91882 | DL19: 45272 | DM19: 0.91182 | DP19: 45302 | DQ19: 0.90937 | DT19: 45327 | DU19: 0.90855 | DX19: 45363 | DY19: 0.90731 | EB19: 45393 | EC19: 0.90584 | EF19: 45426 | EG19: 0.90962 | EJ19: 45454 | EK19: 0.91059 | EN19: 45485 | EO19: 0.91339 | ER19: 45517 | ES19: 0.91743 | EV19: 45544 | EW19: 0.91057 | EZ19: 45579 | FA19: 0.90992 | FD19: 45608 | FE19: 0.92504 | FH19: 45638 | FI19: 0.92416 | FP19: 45699 | FQ19: 0.92075 | FT19: 45728 | FU19: 0.92268 | FX19: 45758 | FY19: 0.92922 | GB19: 45790 | GC19: 0.92374 | GF19: 45819 | GG19: 0.91502 | GJ19: 45852 | GK19: 0.91072 | GN19: 45881 | GO19: 0.9098 | GR19: 45911 | GS19: 0.91189 | GV19: 45944 | GW19: 0.91305 | GZ19: 45972 | HA19: 0.9116 | HD19: 46003 | HE19: 0.90779 | HH19: 46035 | HI19: 0.89914 | HL19: 46055 | HM19: 0.89249 | HP19: 46093 | HQ19: 0.88128 | HT19: 46125 | HU19: 0.87646 | HX19: 46154 | HY19: 0.87393 | IB19: 46183 | IC19: 0.86935
B20: 2021-11-10 | C20: 82.088 | D20: =C20/100 -> 0.82088 | F20: 2021-12-13 | G20: 81.637 | H20: =G20/100 -> 0.81637 | P20: 2022-02-08 | Q20: 81.577 | R20: =Q20/100 -> 0.81577 | U20: 2022-03-11 | V20: 80.916 | W20: =V20/100 -> 0.80916 | Z20: 2022-04-11 | AA20: 81.183 | AB20: =AA20/100 -> 0.81183 | AE20: 2022-05-11 | AF20: 85.722 | AG20: =AF20/100 -> 0.85722 | AJ20: 2022-06-10 | AK20: 85.355 | AL20: =AK20/100 -> 0.85355 | AO20: 2022-07-11 | AP20: 85.311 | AQ20: =AP20/100 -> 0.85311 | AT20: 2022-08-11 | AU20: 85.791 | AV20: =AU20/100 -> 0.85791 | AY20: 2022-09-09 | AZ20: 88.031 | BA20: =AZ20/100 -> 0.88031 | BD20: 2022-10-11 | BE20: 90.542 | BF20: =BE20/100 -> 0.90542 | BI20: 2022-11-10 | BJ20: 92.261 | BK20: =BJ20/100 -> 0.92261 | BN20: 2022-12-12 | BO20: 89.341 | BP20: =BO20/100 -> 0.89341 | BS20: 2023-01-04 | BT20: 88.467 | BU20: =BT20/100 -> 0.88467 | BX20: 44965 | BY20: 0.86329 | CB20: 44998 | CC20: 0.88392 | CF20: 45026 | CG20: 0.87599 | CJ20: 45057 | CK20: 0.88289 | CN20: 45085 | CO20: 0.90906 | CR20: 45118 | CS20: 0.91803 | CV20: 45149 | CW20: 0.91551 | CZ20: 45177 | DA20: 0.92064 | DD20: 45210 | DE20: 0.91798 | DH20: 45240 | DI20: 0.91928 | DL20: 45271 | DM20: 0.91099 | DP20: 45301 | DQ20: 0.90897 | DT20: 45324 | DU20: 0.90805 | DX20: 45362 | DY20: 0.90751 | EB20: 45392 | EC20: 0.90615 | EF20: 45425 | EG20: 0.90889 | EJ20: 45450 | EK20: 0.91037 | EN20: 45484 | EO20: 0.9134 | ER20: 45516 | ES20: 0.91623 | EV20: 45541 | EW20: 0.91003 | EZ20: 45576 | FA20: 0.91037 | FD20: 45607 | FE20: 0.92323 | FH20: 45637 | FI20: 0.92392 | FP20: 45698 | FQ20: 0.92054 | FT20: 45727 | FU20: 0.9236 | FX20: 45757 | FY20: 0.92906 | GB20: 45789 | GC20: 0.92639 | GF20: 45818 | GG20: 0.91537 | GJ20: 45849 | GK20: 0.91054 | GN20: 45880 | GO20: 0.90964 | GR20: 45910 | GS20: 0.91226 | GV20: 45943 | GW20: 0.91251 | GZ20: 45971 | HA20: 0.91113 | HD20: 46002 | HE20: 0.90862 | HH20: 46034 | HI20: 0.89959 | HP20: 46092 | HQ20: 0.88075 | HT20: 46122 | HU20: 0.87641 | HX20: 46153 | HY20: 0.87468 | IB20: 46182 | IC20: 0.86957
B21: 2021-11-09 | C21: 82.051 | D21: =C21/100 -> 0.82051 | F21: 2021-12-10 | G21: 81.694 | H21: =G21/100 -> 0.81694 | P21: 2022-02-07 | Q21: 81.624 | R21: =Q21/100 -> 0.81624 | U21: 2022-03-10 | V21: 80.702 | W21: =V21/100 -> 0.80702 | Z21: 2022-04-08 | AA21: 81.209 | AB21: =AA21/100 -> 0.81209 | AE21: 2022-05-10 | AF21: 85.523 | AG21: =AF21/100 -> 0.85523 | AJ21: 2022-06-09 | AK21: 85.132 | AL21: =AK21/100 -> 0.85132 | AO21: 2022-07-08 | AP21: 85.495 | AQ21: =AP21/100 -> 0.85495 | AT21: 2022-08-10 | AU21: 86.133 | AV21: =AU21/100 -> 0.86133 | AY21: 2022-09-08 | AZ21: 88.093 | BA21: =AZ21/100 -> 0.88093 | BD21: 2022-10-10 | BE21: 90.437 | BF21: =BE21/100 -> 0.90437 | BI21: 2022-11-09 | BJ21: 91.969 | BK21: =BJ21/100 -> 0.91969 | BN21: 2022-12-09 | BO21: 89.382 | BP21: =BO21/100 -> 0.89382 | BS21: 2023-01-03 | BT21: 88.991 | BU21: =BT21/100 -> 0.88991 | BX21: 44964 | BY21: 0.86611 | CB21: 44995 | CC21: 0.88736 | CF21: 45023 | CG21: 0.87693 | CJ21: 45056 | CK21: 0.8841 | CN21: 45084 | CO21: 0.9077 | CR21: 45117 | CS21: 0.91857 | CV21: 45148 | CW21: 0.91535 | CZ21: 45176 | DA21: 0.91788 | DD21: 45209 | DE21: 0.91679 | DH21: 45239 | DI21: 0.91835 | DL21: 45268 | DM21: 0.91045 | DP21: 45300 | DQ21: 0.90934 | DT21: 45323 | DU21: 0.90879 | DX21: 45359 | DY21: 0.90765 | EB21: 45391 | EC21: 0.90605 | EF21: 45422 | EG21: 0.90867 | EJ21: 45449 | EK21: 0.91061 | EN21: 45483 | EO21: 0.91329 | ER21: 45513 | ES21: 0.91658 | EV21: 45540 | EW21: 0.91081 | EZ21: 45575 | FA21: 0.91016 | FD21: 45604 | FE21: 0.91906 | FH21: 45636 | FI21: 0.92508 | FP21: 45695 | FQ21: 0.92084 | FT21: 45726 | FU21: 0.92305 | FX21: 45756 | FY21: 0.92791 | GB21: 45786 | GC21: 0.92764 | GF21: 45817 | GG21: 0.91566 | GJ21: 45848 | GK21: 0.91096 | GN21: 45877 | GO21: 0.90937 | GR21: 45909 | GS21: 0.91121 | GV21: 45940 | GW21: 0.91296 | GZ21: 45968 | HA21: 0.91113 | HD21: 46001 | HE21: 0.90928 | HH21: 46031 | HI21: 0.89973 | HP21: 46091 | HQ21: 0.88196 | HT21: 46121 | HU21: 0.87651 | HX21: 46150 | HY21: 0.87463 | IB21: 46181 | IC21: 0.87048
B22: 2021-11-08 | C22: 82.177 | D22: =C22/100 -> 0.82177 | F22: 2021-12-09 | G22: 81.432 | H22: =G22/100 -> 0.81432 | U22: 2022-03-09 | V22: 80.8 | W22: =V22/100 -> 0.808 | Z22: 2022-04-07 | AA22: 81.217 | AB22: =AA22/100 -> 0.81217 | AE22: 2022-05-09 | AF22: 85.223 | AG22: =AF22/100 -> 0.85223 | AJ22: 2022-06-08 | AK22: 84.927 | AL22: =AK22/100 -> 0.84927 | AO22: 2022-07-07 | AP22: 85.562 | AQ22: =AP22/100 -> 0.85562 | AT22: 2022-08-09 | AU22: 86.096 | AV22: =AU22/100 -> 0.86096 | AY22: 2022-09-07 | AZ22: 88.105 | BA22: =AZ22/100 -> 0.88105 | BI22: 2022-11-08 | BJ22: 91.913 | BK22: =BJ22/100 -> 0.91913 | BN22: 2022-12-08 | BO22: 89.353 | BP22: =BO22/100 -> 0.89353 | BX22: 44963 | BY22: 0.86314 | CB22: 44994 | CC22: 0.88751 | CF22: 45022 | CG22: 0.87578 | CJ22: 45055 | CK22: 0.88234 | CN22: 45083 | CO22: 0.90681 | CR22: 45114 | CS22: 0.92095 | CV22: 45147 | CW22: 0.91613 | CZ22: 45175 | DA22: 0.91777 | DD22: 45208 | DE22: 0.91654 | DH22: 45238 | DI22: 0.91793 | DL22: 45267 | DM22: 0.91138 | DP22: 45299 | DQ22: 0.90914 | DX22: 45358 | DY22: 0.90769 | EB22: 45390 | EC22: 0.90623 | EF22: 45421 | EG22: 0.90878 | EJ22: 45448 | EK22: 0.91024 | EN22: 45482 | EO22: 0.91304 | ER22: 45512 | ES22: 0.91733 | EV22: 45539 | EW22: 0.91255 | EZ22: 45574 | FA22: 0.90767 | FD22: 45603 | FE22: 0.9217 | FH22: 45635 | FI22: 0.92373 | FP22: 45694 | FQ22: 0.92054 | FT22: 45723 | FU22: 0.92256 | FX22: 45755 | FY22: 0.92701 | GB22: 45785 | GC22: 0.9287 | GF22: 45814 | GG22: 0.91572 | GJ22: 45847 | GK22: 0.91136 | GN22: 45876 | GO22: 0.90895 | GR22: 45908 | GS22: 0.91094 | GV22: 45939 | GW22: 0.91377 | GZ22: 45967 | HA22: 0.91151 | HD22: 46000 | HE22: 0.90981 | HH22: 46030 | HI22: 0.90146 | HP22: 46090 | HQ22: 0.88505 | HT22: 46120 | HU22: 0.87652 | HX22: 46149 | HY22: 0.87415 | IB22: 46178 | IC22: 0.87005
B23: 2021-11-05 | C23: 82.203 | D23: =C23/100 -> 0.82203 | F23: 2021-12-08 | G23: 81.651 | H23: =G23/100 -> 0.81651 | U23: 2022-03-08 | V23: 80.811 | W23: =V23/100 -> 0.80811 | Z23: 2022-04-06 | AA23: 81.418 | AB23: =AA23/100 -> 0.81418 | AE23: 2022-05-06 | AF23: 84.505 | AG23: =AF23/100 -> 0.84505 | AJ23: 2022-06-07 | AK23: 84.956 | AL23: =AK23/100 -> 0.84956 | AO23: 2022-07-06 | AP23: 85.695 | AQ23: =AP23/100 -> 0.85695 | AT23: 2022-08-08 | AU23: 86.237 | AV23: =AU23/100 -> 0.86237 | AY23: 2022-09-06 | AZ23: 88.03 | BA23: =AZ23/100 -> 0.8803 | BI23: 2022-11-07 | BJ23: 92.096 | BK23: =BJ23/100 -> 0.92096 | BN23: 2022-12-07 | BO23: 89.934 | BP23: =BO23/100 -> 0.89934 | BX23: 44960 | BY23: 0.85905 | CB23: 44993 | CC23: 0.88569 | CF23: 45020 | CG23: 0.87534 | CJ23: 45054 | CK23: 0.88118 | CN23: 45082 | CO23: 0.90449 | CR23: 45113 | CS23: 0.92208 | CV23: 45146 | CW23: 0.91663 | CZ23: 45174 | DA23: 0.91594 | DH23: 45237 | DI23: 0.91766 | DL23: 45266 | DM23: 0.90993 | DP23: 45296 | DQ23: 0.90939 | DX23: 45357 | DY23: 0.90767 | EB23: 45385 | EC23: 0.90629 | EF23: 45420 | EG23: 0.90788 | EJ23: 45447 | EK23: 0.90911 | EN23: 45481 | EO23: 0.9124 | ER23: 45511 | ES23: 0.91562 | EV23: 45538 | EW23: 0.91208 | EZ23: 45573 | FA23: 0.91042 | FD23: 45602 | FE23: 0.91324 | FH23: 45632 | FI23: 0.9232 | FP23: 45693 | FQ23: 0.92079 | FT23: 45722 | FU23: 0.92252 | FX23: 45754 | FY23: 0.92612 | GB23: 45784 | GC23: 0.92891 | GF23: 45813 | GG23: 0.91605 | GJ23: 45846 | GK23: 0.91128 | GN23: 45875 | GO23: 0.90968 | GR23: 45905 | GS23: 0.91103 | GZ23: 45966 | HA23: 0.91197 | HD23: 45999 | HE23: 0.90919 | HH23: 46029 | HI23: 0.90131 | HP23: 46087 | HQ23: 0.88253 | HT23: 46119 | HU23: 0.87858 | HX23: 46148 | HY23: 0.87504 | IB23: 46177 | IC23: 0.87033
B24: 2021-11-04 | C24: 82.155 | D24: =C24/100 -> 0.82155 | F24: 2021-12-07 | G24: 81.723 | H24: =G24/100 -> 0.81723 | U24: 2022-03-07 | V24: 81.22 | W24: =V24/100 -> 0.8122 | Z24: 2022-04-01 | AA24: 81.084 | AB24: =AA24/100 -> 0.81084 | AE24: 2022-05-05 | AF24: 83.679 | AG24: =AF24/100 -> 0.83679 | AJ24: 2022-06-06 | AK24: 84.997 | AL24: =AK24/100 -> 0.84997 | AO24: 2022-07-05 | AP24: 85.366 | AQ24: =AP24/100 -> 0.85366 | AT24: 2022-08-05 | AU24: 85.868 | AV24: =AU24/100 -> 0.85868 | AY24: 2022-09-05 | AZ24: 87.901 | BA24: =AZ24/100 -> 0.87901 | BI24: 2022-11-04 | BJ24: 92.429 | BK24: =BJ24/100 -> 0.92429 | BN24: 2022-12-06 | BO24: 89.775 | BP24: =BO24/100 -> 0.89775 | BX24: 44959 | BY24: 0.85624 | CB24: 44992 | CC24: 0.88102 | CF24: 45019 | CG24: 0.87652 | CJ24: 45051 | CK24: 0.88059 | CN24: 45079 | CO24: 0.90584 | CR24: 45112 | CS24: 0.91909 | CV24: 45145 | CW24: 0.91388 | CZ24: 45173 | DA24: 0.91493 | DH24: 45236 | DI24: 0.91753 | DL24: 45265 | DM24: 0.91016 | DP24: 45295 | DQ24: 0.90946 | DX24: 45356 | DY24: 0.90763 | EB24: 45384 | EC24: 0.90675 | EF24: 45419 | EG24: 0.90806 | EJ24: 45446 | EK24: 0.90892 | EN24: 45478 | EO24: 0.91292 | ER24: 45510 | ES24: 0.91556 | EV24: 45537 | EW24: 0.91091 | FD24: 45601 | FE24: 0.91356 | FH24: 45631 | FI24: 0.9235 | FT24: 45721 | FU24: 0.92249 | FX24: 45750 | FY24: 0.92353 | GB24: 45783 | GC24: 0.92903 | GF24: 45812 | GG24: 0.91635 | GJ24: 45845 | GK24: 0.91092 | GN24: 45874 | GO24: 0.90916 | GR24: 45904 | GS24: 0.91115 | GZ24: 45965 | HA24: 0.91181 | HD24: 45996 | HE24: 0.90906 | HH24: 46028 | HI24: 0.90161 | HP24: 46086 | HQ24: 0.88259 | HT24: 46115 | HU24: 0.87945 | IB24: 46176 | IC24: 0.87001
B25: 2021-11-03 | C25: 82.348 | D25: =C25/100 -> 0.82348 | F25: 2021-12-06 | G25: 81.704 | H25: =G25/100 -> 0.81704 | U25: 2022-03-04 | V25: 80.964 | W25: =V25/100 -> 0.80964 | AJ25: 2022-06-02 | AK25: 85.502 | AL25: =AK25/100 -> 0.85502 | AO25: 2022-07-04 | AP25: 85.469 | AQ25: =AP25/100 -> 0.85469 | AT25: 2022-08-04 | AU25: 86.168 | AV25: =AU25/100 -> 0.86168 | AY25: 2022-09-02 | AZ25: 87.812 | BA25: =AZ25/100 -> 0.87812 | BI25: 2022-11-03 | BJ25: 92.324 | BK25: =BJ25/100 -> 0.92324 | BN25: 2022-12-05 | BO25: 90.453 | BP25: =BO25/100 -> 0.90453 | BX25: 44958 | BY25: 0.86084 | CB25: 44991 | CC25: 0.87837 | CJ25: 45050 | CK25: 0.87977 | CN25: 45078 | CO25: 0.90624 | CR25: 45111 | CS25: 0.91973 | CV25: 45142 | CW25: 0.91468 | CZ25: 45170 | DA25: 0.91551 | DH25: 45233 | DI25: 0.91746 | DL25: 45264 | DM25: 0.90882 | DP25: 45294 | DQ25: 0.90864 | DX25: 45355 | DY25: 0.90725 | EB25: 45383 | EC25: 0.90644 | EF25: 45418 | EG25: 0.90886 | EN25: 45477 | EO25: 0.9129 | ER25: 45509 | ES25: 0.91737 | FD25: 45600 | FE25: 0.91575 | FH25: 45630 | FI25: 0.92416 | FT25: 45720 | FU25: 0.92244 | FX25: 45749 | FY25: 0.92267 | GF25: 45811 | GG25: 0.91617 | GJ25: 45842 | GK25: 0.9115 | GN25: 45873 | GO25: 0.90952 | GR25: 45903 | GS25: 0.91086 | GZ25: 45964 | HA25: 0.91175 | HD25: 45995 | HE25: 0.90891 | HH25: 46027 | HI25: 0.90141 | HP25: 46085 | HQ25: 0.88574 | HT25: 46114 | HU25: 0.87876 | IB25: 46175 | IC25: 0.86998
B26: 2021-11-02 | C26: 82.222 | D26: =C26/100 -> 0.82222 | F26: 2021-12-03 | G26: 81.803 | H26: =G26/100 -> 0.81803 | U26: 2022-03-03 | V26: 80.638 | W26: =V26/100 -> 0.80638 | AJ26: 2022-06-01 | AK26: 84.946 | AL26: =AK26/100 -> 0.84946 | AO26: 2022-07-01 | AP26: 85.208 | AQ26: =AP26/100 -> 0.85208 | AT26: 2022-08-03 | AU26: 86.388 | AV26: =AU26/100 -> 0.86388 | AY26: 2022-09-01 | AZ26: 87.687 | BA26: =AZ26/100 -> 0.87687 | BI26: 2022-11-02 | BJ26: 91.974 | BK26: =BJ26/100 -> 0.91974 | BN26: 2022-12-02 | BO26: 90.687 | BP26: =BO26/100 -> 0.90687 | CB26: 44988 | CC26: 0.88051 | CR26: 45110 | CS26: 0.92065 | CV26: 45141 | CW26: 0.91618 | DH26: 45232 | DI26: 0.91783 | DL26: 45261 | DM26: 0.91022 | DP26: 45293 | DQ26: 0.90564 | DX26: 45352 | DY26: 0.90772 | EN26: 45476 | EO26: 0.91278 | ER26: 45506 | ES26: 0.91343 | FD26: 45597 | FE26: 0.915 | FH26: 45629 | FI26: 0.92526 | FT26: 45719 | FU26: 0.92252 | FX26: 45748 | FY26: 0.92257 | GJ26: 45841 | GK26: 0.91114 | GN26: 45870 | GO26: 0.91079 | GR26: 45902 | GS26: 0.91183 | HD26: 45994 | HE26: 0.90897 | HP26: 46084 | HQ26: 0.88327 | HT26: 46113 | HU26: 0.88065 | IB26: 46174 | IC26: 0.86986
B27: 2021-11-01 | C27: 82.517 | D27: =C27/100 -> 0.82517 | F27: 2021-12-02 | G27: 81.766 | H27: =G27/100 -> 0.81766 | U27: 2022-03-02 | V27: 81.054 | W27: =V27/100 -> 0.81054 | AT27: 2022-08-02 | AU27: 85.939 | AV27: =AU27/100 -> 0.85939 | BI27: 2022-11-01 | BJ27: 91.828 | BK27: =BJ27/100 -> 0.91828 | BN27: 2022-12-01 | BO27: 91.304 | BP27: =BO27/100 -> 0.91304 | CB27: 44987 | CC27: 0.87662 | CV27: 45140 | CW27: 0.91563 | DH27: 45231 | DI27: 0.91727 | EN27: 45475 | EO27: 0.91267 | ER27: 45505 | ES27: 0.91283 | FH27: 45628 | FI27: 0.92343 | GJ27: 45840 | GK27: 0.91146 | GR27: 45901 | GS27: 0.91174 | HD27: 45993 | HE27: 0.9088 | HP27: 46083 | HQ27: 0.88518
F28: 2021-12-01 | G28: 81.681 | H28: =G28/100 -> 0.81681 | U28: 2022-03-01 | V28: 80.647 | W28: =V28/100 -> 0.80647 | AT28: 2022-08-01 | AU28: 85.948 | AV28: =AU28/100 -> 0.85948 | CB28: 44986 | CC28: 0.88416 | CV28: 45139 | CW28: 0.914 | EN28: 45474 | EO28: 0.91261 | GJ28: 45839 | GK28: 0.91126 | HD28: 45992 | HE28: 0.90877

Sheet 兹罗提
B1: PLN对RMB | C1: 期末汇率 | D1: =1/D3 -> 1.5167372 | I1: PLN对RMB | J1: 期末汇率 | K1: =1/K3 -> 1.5835313 | P1: PLN对RMB | Q1: 期末汇率 | R1: =1/R3 -> 1.5878057 | W1: PLN对RMB | X1: 期末汇率 | Y1: =1/Y3 -> 1.5571473 | AD1: PLN对RMB | AE1: 期末汇率 | AF1: =1/AF3 -> 1.564113 | AI1: PLN对RMB | AJ1: 期末汇率 | AK1: =1/AK3 -> 1.6033606 | AN1: PLN对RMB | AO1: 期末汇率 | AP1: =1/AP3 -> 1.6691704 | AS1: PLN对RMB | AT1: 期末汇率 | AU1: =1/AU3 -> 1.6760245 | AX1: PLN对RMB | AY1: 期末汇率 | AZ1: =1/AZ3 -> 1.7710713 | BC1: PLN对RMB | BD1: 期末汇率 | BE1: =1/BE3 -> 1.787374 | BH1: PLN对RMB | BI1: 期末汇率 | BJ1: =1/BJ3 -> 1.7726096 | BM1: PLN对RMB | BN1: 期末汇率 | BO1: =1/BO3 -> 1.6264923 | BR1: PLN对RMB | BS1: 期末汇率 | BT1: =1/BT3 -> 1.7103958 | BW1: PLN对RMB | BX1: 期末汇率 | BY1: =1/BY3 -> 1.7965255 | CB1: PLN对RMB | CC1: 期末汇率 | CD1: =1/CD3 -> 1.8107085 | CG1: PLN对RMB | CH1: 期末汇率 | CI1: =1/CI3 -> 1.7639173 | CL1: PLN对RMB | CM1: 期末汇率 | CN1: =1/CN3 -> 1.7839304 | CQ1: PLN对RMB | CR1: 期末汇率 | CS1: =1/CS3 -> 1.778853 | CV1: PLN对RMB | CW1: 期末汇率 | CX1: =1/CX3 -> 1.7646332 | DA1: PLN对RMB | DB1: 期末汇率 | DC1: =1/DC3 -> 1.7984641 | DF1: PLN对RMB | DG1: 期末汇率 | DH1: =1/DH3 -> 1.7688784 | DK1: PLN对RMB | DL1: 期末汇率 | DM1: =1/DM3 -> 1.7983994 | DP1: PLN对RMB | DQ1: 期末汇率 | DR1: =1/DR3 -> 1.8393511 | DU1: PLN对RMB | DV1: 期末汇率 | DW1: =1/DW3 -> 1.8323408 | DZ1: PLN对RMB | EA1: 期末汇率 | EB1: =1/EB3 -> 1.7770512 | EE1: PLN对RMB | EF1: 期末汇率 | EG1: =1/EG3 -> 1.7677214 | EJ1: PLN对RMB | EK1: 期末汇率 | EL1: =1/EL3 -> 1.7597269 | EO1: PLN对RMB | EP1: 期末汇率 | EQ1: =1/EQ3 -> 1.7481601 | ET1: PLN对RMB | EU1: 期末汇率 | EV1: =1/EV3 -> 1.8013799 | EY1: PLN对RMB | EZ1: 期末汇率 | FA1: =1/FA3 -> 1.8659153 | FD1: PLN对RMB | FE1: 期末汇率 | FF1: =1/FF3 -> 1.9280082 | FI1: PLN对RMB | FJ1: 期末汇率 | FK1: =1/FK3 -> 1.9246685 | FN1: PLN对RMB | FO1: 期末汇率 | FP1: =1/FP3 -> 1.9826321 | FS1: PLN对RMB | FT1: 期末汇率 | FU1: =1/FU3 -> 1.9174352 | FX1: PLN对RMB | FY1: 期末汇率 | FZ1: =1/FZ3 -> 1.9484442 | GC1: PLN对RMB | GD1: 期末汇率 | GE1: =1/GE3 -> 1.9542701 | GH1: PLN对RMB | GI1: 期末汇率 | GJ1: =1/GJ3 -> 1.9358461 | GM1: PLN对RMB | GN1: 期末汇率 | GO1: =1/GO3 -> 1.9417476 | GR1: PLN对RMB | GS1: 期末汇率 | GT1: =1/GT3 -> 1.9497358 | GW1: PLN对RMB | GX1: 期末汇率 | GY1: =1/GY3 -> 1.9809826 | HB1: PLN对RMB | HC1: 期末汇率 | HD1: =1/HD3 -> 1.9268194 | HG1: PLN对RMB | HH1: 期末汇率 | HI1: =1/HI3 -> 1.8479165 | HL1: PLN对RMB | HM1: 期末汇率 | HN1: =1/HN3 -> 1.880194 | HQ1: PLN对RMB | HR1: 期末汇率 | HS1: =1/HS3 -> 1.8751524 | HV1: PLN对RMB | HW1: 期末汇率 | HX1: =1/HX3 -> 1.8121195
C2: 平均汇率 | D2: =1/D4 -> 1.4624426 | J2: 平均汇率 | K2: =1/K4 -> 1.5501811 | Q2: 平均汇率 | R2: =1/R4 -> 1.5787223 | X2: 平均汇率 | Y2: =1/Y4 -> 1.5555774 | AE2: 平均汇率 | AF2: =1/AF4 -> 1.5437411 | AJ2: 平均汇率 | AK2: =1/AK4 -> 1.5744355 | AO2: 平均汇率 | AP2: =1/AP4 -> 1.6263837 | AT2: 平均汇率 | AU2: =1/AU4 -> 1.6756116 | AY2: 平均汇率 | AZ2: =1/AZ4 -> 1.7330992 | BD2: 平均汇率 | BE2: =1/BE4 -> 1.78847 | BI2: 平均汇率 | BJ2: =1/BJ4 -> 1.7698815 | BN2: 平均汇率 | BO2: =1/BO4 -> 1.6778777 | BS2: 平均汇率 | BT2: =1/BT4 -> 1.6934852 | BX2: 平均汇率 | BY2: =1/BY4 -> 1.7555311 | CC2: 平均汇率 | CD2: =1/CD4 -> 1.7905347 | CH2: 平均汇率 | CI2: =1/CI4 -> 1.7781737 | CM2: 平均汇率 | CN2: =1/CN4 -> 1.7757179 | CR2: 平均汇率 | CS2: =1/CS4 -> 1.7928185 | CW2: 平均汇率 | CX2: =1/CX4 -> 1.7721746 | DB2: 平均汇率 | DC2: =1/DC4 -> 1.7972052 | DG2: 平均汇率 | DH2: =1/DH4 -> 1.7747439 | DL2: 平均汇率 | DM2: =1/DM4 -> 1.8043461 | DQ2: 平均汇率 | DR2: =1/DR4 -> 1.8303544 | DV2: 平均汇率 | DW2: =1/DW4 -> 1.8378192 | EA2: 平均汇率 | EB2: =1/EB4 -> 1.7879599 | EF2: 平均汇率 | EG2: =1/EG4 -> 1.7669316 | EK2: 平均汇率 | EL2: =1/EL4 -> 1.7720813 | EP2: 平均汇率 | EQ2: =1/EQ4 -> 1.7475643 | EU2: 平均汇率 | EV2: =1/EV4 -> 1.8019876 | EZ2: 平均汇率 | FA2: =1/FA4 -> 1.8594997 | FE2: 平均汇率 | FF2: =1/FF4 -> 1.9032514 | FJ2: 平均汇率 | FK2: =1/FK4 -> 1.9099316 | FO2: 平均汇率 | FP2: =1/FP4 -> 1.9386739 | FT2: 平均汇率 | FU2: =1/FU4 -> 1.9677865 | FY2: 平均汇率 | FZ2: =1/FZ4 -> 1.952297 | GD2: 平均汇率 | GE2: =1/GE4 -> 1.959759 | GI2: 平均汇率 | GJ2: =1/GJ4 -> 1.9450133 | GN2: 平均汇率 | GO2: =1/GO4 -> 1.9344923 | GS2: 平均汇率 | GT2: =1/GT4 -> 1.9553683 | GX2: 平均汇率 | GY2: =1/GY4 -> 1.9453115 | HC2: 平均汇率 | HD2: =1/HD4 -> 1.9455091 | HH2: 平均汇率 | HI2: =1/HI4 -> 1.8701074 | HM2: 平均汇率 | HN2: =1/HN4 -> 1.8865348 | HR2: 平均汇率 | HS2: =1/HS4 -> 1.879711 | HW2: 平均汇率 | HX2: =1/HX4 -> 1.8422135
B3: RMB对PLN | C3: 期末汇率 | D3: =D6 -> 0.65931 | E3: =ROUND(D3,12) -> 0.65931 | I3: RMB对PLN | J3: 期末汇率 | K3: =K6 -> 0.6315 | L3: =ROUND(K3,12) -> 0.6315 | P3: RMB对PLN | Q3: 期末汇率 | R3: =R6 -> 0.6298 | S3: =ROUND(R3,12) -> 0.6298 | W3: RMB对PLN | X3: 期末汇率 | Y3: =Y6 -> 0.6422 | Z3: =ROUND(Y3,12) -> 0.6422 | AD3: RMB对PLN | AE3: 期末汇率 | AF3: =AF6 -> 0.63934 | AI3: RMB对PLN | AJ3: 期末汇率 | AK3: =AK6 -> 0.62369 | AN3: RMB对PLN | AO3: 期末汇率 | AP3: =AP6 -> 0.5991 | AS3: RMB对PLN | AT3: 期末汇率 | AU3: =AU6 -> 0.59665 | AX3: RMB对PLN | AY3: 期末汇率 | AZ3: =AZ6 -> 0.56463 | BC3: RMB对PLN | BD3: 期末汇率 | BE3: =BE6 -> 0.55948 | BH3: RMB对PLN | BI3: 期末汇率 | BJ3: =BJ6 -> 0.56414 | BM3: RMB对PLN | BN3: 期末汇率 | BO3: =BO6 -> 0.61482 | BR3: RMB对PLN | BS3: 期末汇率 | BT3: =BT6 -> 0.58466 | BW3: RMB对PLN | BX3: 期末汇率 | BY3: =BY6 -> 0.55663 | CB3: RMB对PLN | CC3: 期末汇率 | CD3: =CD6 -> 0.55227 | CG3: RMB对PLN | CH3: 期末汇率 | CI3: =CI6 -> 0.56692 | CL3: RMB对PLN | CM3: 期末汇率 | CN3: =CN6 -> 0.56056 | CQ3: RMB对PLN | CR3: 期末汇率 | CS3: =CS6 -> 0.56216 | CV3: RMB对PLN | CW3: 期末汇率 | CX3: =CX6 -> 0.56669 | DA3: RMB对PLN | DB3: 期末汇率 | DC3: =DC6 -> 0.55603 | DF3: RMB对PLN | DG3: 期末汇率 | DH3: =DH6 -> 0.56533 | DK3: RMB对PLN | DL3: 期末汇率 | DM3: =DM6 -> 0.55605 | DP3: RMB对PLN | DQ3: 期末汇率 | DR3: =DR6 -> 0.54367 | DU3: RMB对PLN | DV3: 期末汇率 | DW3: =DW6 -> 0.54575 | DZ3: RMB对PLN | EA3: 期末汇率 | EB3: =EB6 -> 0.56273 | EE3: RMB对PLN | EF3: 期末汇率 | EG3: =EG6 -> 0.5657 | EJ3: RMB对PLN | EK3: 期末汇率 | EL3: =EL6 -> 0.56827 | EO3: RMB对PLN | EP3: 期末汇率 | EQ3: =EQ6 -> 0.57203 | ET3: RMB对PLN | EU3: 期末汇率 | EV3: =EV6 -> 0.55513 | EY3: RMB对PLN | EZ3: 期末汇率 | FA3: =FA6 -> 0.53593 | FD3: RMB对PLN | FE3: 期末汇率 | FF3: =FF6 -> 0.51867 | FI3: RMB对PLN | FJ3: 期末汇率 | FK3: =FK6 -> 0.51957 | FN3: RMB对PLN | FO3: 期末汇率 | FP3: =FP6 -> 0.50438 | FS3: RMB对PLN | FT3: 期末汇率 | FU3: =FU6 -> 0.52153 | FX3: RMB对PLN | FY3: 期末汇率 | FZ3: =FZ6 -> 0.51323 | GC3: RMB对PLN | GD3: 期末汇率 | GE3: =GE6 -> 0.5117 | GH3: RMB对PLN | GI3: 期末汇率 | GJ3: =GJ6 -> 0.51657 | GM3: RMB对PLN | GN3: 期末汇率 | GO3: =GO6 -> 0.515 | GR3: RMB对PLN | GS3: 期末汇率 | GT3: =GT6 -> 0.51289 | GW3: RMB对PLN | GX3: 期末汇率 | GY3: =GY6 -> 0.5048 | HB3: RMB对PLN | HC3: 期末汇率 | HD3: =HD6 -> 0.51899 | HG3: RMB对PLN | HH3: 期末汇率 | HI3: =HI6 -> 0.54115 | HL3: RMB对PLN | HM3: 期末汇率 | HN3: =HN6 -> 0.53186 | HQ3: RMB对PLN | HR3: 期末汇率 | HS3: =HS6 -> 0.53329 | HV3: RMB对PLN | HW3: 期末汇率 | HX3: =HX6 -> 0.55184
C4: 平均汇率 | D4: =AVERAGE(D6:D28) -> 0.6837875 | E4: =ROUND(D4,12) -> 0.6837875 | J4: 平均汇率 | K4: =AVERAGE(K6:K28) -> 0.64508591 | L4: =ROUND(K4,12) -> 0.64508591 | Q4: 平均汇率 | R4: =AVERAGE(R6:R28) -> 0.63342364 | S4: =ROUND(R4,12) -> 0.63342364 | X4: 平均汇率 | Y4: =AVERAGE(Y6:Y28) -> 0.64284812 | Z4: =ROUND(Y4,12) -> 0.64284812 | AE4: 平均汇率 | AF4: =AVERAGE(AF6:AF28) -> 0.647777 | AJ4: 平均汇率 | AK4: =AVERAGE(AK6:AK28) -> 0.63514826 | AO4: 平均汇率 | AP4: =AVERAGE(AP6:AP28) -> 0.61486105 | AT4: 平均汇率 | AU4: =AVERAGE(AU6:AU28) -> 0.596797 | AY4: 平均汇率 | AZ4: =AVERAGE(AZ6:AZ28) -> 0.577001 | BD4: 平均汇率 | BE4: =AVERAGE(BE6:BE28) -> 0.55913714 | BI4: 平均汇率 | BJ4: =AVERAGE(BJ6:BJ28) -> 0.56500957 | BN4: 平均汇率 | BO4: =AVERAGE(BO6:BO28) -> 0.595991 | BS4: 平均汇率 | BT4: =AVERAGE(BT6:BT28) -> 0.59049824 | BX4: 平均汇率 | BY4: =AVERAGE(BY6:BY28) -> 0.56962818 | CC4: 平均汇率 | CD4: =AVERAGE(CD6:CD28) -> 0.55849238 | CH4: 平均汇率 | CI4: =AVERAGE(CI6:CI28) -> 0.56237476 | CM4: 平均汇率 | CN4: =AVERAGE(CN6:CN28) -> 0.5631525 | CR4: 平均汇率 | CS4: =AVERAGE(CS6:CS28) -> 0.55778095 | CW4: 平均汇率 | CX4: =AVERAGE(CX6:CX28) -> 0.5642785 | DB4: 平均汇率 | DC4: =AVERAGE(DC6:DC28) -> 0.5564195 | DG4: 平均汇率 | DH4: =AVERAGE(DH6:DH28) -> 0.56346158 | DL4: 平均汇率 | DM4: =AVERAGE(DM6:DM28) -> 0.55421739 | DQ4: 平均汇率 | DR4: =AVERAGE(DR6:DR28) -> 0.54634227 | DV4: 平均汇率 | DW4: =AVERAGE(DW6:DW28) -> 0.54412316 | EA4: 平均汇率 | EB4: =AVERAGE(EB6:EB28) -> 0.55929667 | EF4: 平均汇率 | EG4: =AVERAGE(EG6:EG28) -> 0.56595286 | EK4: 平均汇率 | EL4: =AVERAGE(EL6:EL28) -> 0.56430818 | EP4: 平均汇率 | EQ4: =AVERAGE(EQ6:EQ28) -> 0.572225 | EU4: 平均汇率 | EV4: =AVERAGE(EV6:EV28) -> 0.55494278 | EZ4: 平均汇率 | FA4: =AVERAGE(FA6:FA28) -> 0.53777905 | FE4: 平均汇率 | FF4: =AVERAGE(FF6:FF28) -> 0.52541667 | FJ4: 平均汇率 | FK4: =AVERAGE(FK6:FK28) -> 0.52357895 | FO4: 平均汇率 | FP4: =AVERAGE(FP6:FP28) -> 0.5158165 | FT4: 平均汇率 | FU4: =AVERAGE(FU6:FU28) -> 0.50818522 | FY4: 平均汇率 | FZ4: =AVERAGE(FZ6:FZ28) -> 0.51221714 | GD4: 平均汇率 | GE4: =AVERAGE(GE6:GE28) -> 0.51026682 | GI4: 平均汇率 | GJ4: =AVERAGE(GJ6:GJ28) -> 0.51413529 | GN4: 平均汇率 | GO4: =AVERAGE(GO6:GO28) -> 0.5169315 | GS4: 平均汇率 | GT4: =AVERAGE(GT6:GT28) -> 0.51141261 | GX4: 平均汇率 | GY4: =AVERAGE(GY6:GY28) -> 0.5140565 | HC4: 平均汇率 | HD4: =AVERAGE(HD6:HD28) -> 0.51400429 | HH4: 平均汇率 | HI4: =AVERAGE(HI6:HI28) -> 0.53472864 | HM4: 平均汇率 | HN4: =AVERAGE(HN6:HN28) -> 0.53007238 | HR4: 平均汇率 | HS4: =AVERAGE(HS6:HS28) -> 0.53199667 | HW4: 平均汇率 | HX4: =AVERAGE(HX6:HX28) -> 0.54282524
B5: 日期 | C5: 人民币：兹罗提 | E5: 美元：人民币 | G5: 美元：兹罗提 | I5: 日期 | J5: 人民币：兹罗提 | L5: 美元：人民币 | N5: 美元：兹罗提 | P5: 日期 | Q5: 人民币：兹罗提 | S5: 美元：人民币 | U5: 美元：兹罗提 | W5: 日期 | X5: 人民币：兹罗提 | Z5: 美元：人民币 | AB5: 美元：兹罗提 | AE5: 日期 | AF5: 人民币：兹罗提 | AG5: 美元：兹罗提 | AJ5: 日期 | AK5: 人民币：兹罗提 | AL5: 美元：兹罗提 | AO5: 日期 | AP5: 人民币：兹罗提 | AQ5: 美元：兹罗提 | AT5: 日期 | AU5: 人民币：兹罗提 | AV5: 美元：兹罗提 | AY5: 日期 | AZ5: 人民币：兹罗提 | BA5: 美元：兹罗提 | BD5: 日期 | BE5: 人民币：兹罗提 | BF5: 美元：兹罗提 | BI5: 日期 | BJ5: 人民币：兹罗提 | BK5: 美元：兹罗提 | BN5: 日期 | BO5: 人民币：兹罗提 | BP5: 美元：兹罗提 | BS5: 日期 | BT5: 人民币：兹罗提 | BU5: 美元：兹罗提 | BX5: 日期 | BY5: 人民币：兹罗提 | BZ5: 美元：兹罗提 | CC5: 日期 | CD5: 人民币：兹罗提 | CE5: 美元：兹罗提 | CH5: 日期 | CI5: 人民币：兹罗提 | CJ5: 美元：兹罗提 | CM5: 日期 | CN5: 人民币：兹罗提 | CO5: 美元：兹罗提 | CR5: 日期 | CS5: 人民币：兹罗提 | CT5: 美元：兹罗提 | CW5: 日期 | CX5: 人民币：兹罗提 | CY5: 美元：兹罗提 | DB5: 日期 | DC5: 人民币：兹罗提 | DD5: 美元：兹罗提 | DG5: 日期 | DH5: 人民币：兹罗提 | DI5: 美元：兹罗提 | DL5: 日期 | DM5: 人民币：兹罗提 | DN5: 美元：兹罗提 | DQ5: 日期 | DR5: 人民币：兹罗提 | DS5: 美元：兹罗提 | DV5: 日期 | DW5: 人民币：兹罗提 | DX5: 美元：兹罗提 | EA5: 日期 | EB5: 人民币：兹罗提 | EC5: 美元：兹罗提 | EF5: 日期 | EG5: 人民币：兹罗提 | EH5: 美元：兹罗提 | EK5: 日期 | EL5: 人民币：兹罗提 | EM5: 美元：兹罗提 | EP5: 日期 | EQ5: 人民币：兹罗提 | ER5: 美元：兹罗提 | EU5: 日期 | EV5: 人民币：兹罗提 | EW5: 美元：兹罗提 | EZ5: 日期 | FA5: 人民币：兹罗提 | FB5: 美元：兹罗提 | FE5: 日期 | FF5: 人民币：兹罗提 | FG5: 美元：兹罗提 | FJ5: 日期 | FK5: 人民币：兹罗提 | FL5: 美元：兹罗提 | FO5: 日期 | FP5: 人民币：兹罗提 | FQ5: 美元：兹罗提 | FT5: 日期 | FU5: 人民币：兹罗提 | FV5: 美元：兹罗提 | FY5: 日期 | FZ5: 人民币：兹罗提 | GA5: 美元：兹罗提 | GD5: 日期 | GE5: 人民币：兹罗提 | GF5: 美元：兹罗提 | GI5: 日期 | GJ5: 人民币：兹罗提 | GK5: 美元：兹罗提 | GN5: 日期 | GO5: 人民币：兹罗提 | GP5: 美元：兹罗提 | GS5: 日期 | GT5: 人民币：兹罗提 | GU5: 美元：兹罗提 | GX5: 日期 | GY5: 人民币：兹罗提 | GZ5: 美元：兹罗提 | HC5: 日期 | HD5: 人民币：兹罗提 | HE5: 美元：兹罗提 | HH5: 日期 | HI5: 人民币：兹罗提 | HJ5: 美元：兹罗提 | HM5: 日期 | HN5: 人民币：兹罗提 | HO5: 美元：兹罗提 | HR5: 日期 | HS5: 人民币：兹罗提 | HT5: 美元：兹罗提 | HW5: 日期 | HX5: 人民币：兹罗提 | HY5: 美元：兹罗提
B6: 2022-10-31 | C6: 65.931 | D6: =C6/100 -> 0.65931 | E6: 717.68 | F6: =E6/100 -> 7.1768 | G6: =D6*F6 -> 4.731736 | I6: 2022-11-30 | J6: 63.15 | K6: =J6/100 -> 0.6315 | L6: 717.69 | M6: =L6/100 -> 7.1769 | N6: =K6*M6 -> 4.5322124 | P6: 2022-12-30 | Q6: 62.98 | R6: =Q6/100 -> 0.6298 | S6: 696.46 | T6: =S6/100 -> 6.9646 | U6: =R6*T6 -> 4.3863051 | W6: 2023-01-31 | X6: 64.22 | Y6: =X6/100 -> 0.6422 | Z6: 676.04 | AA6: =Z6/100 -> 6.7604 | AB6: =Y6*AA6 -> 4.3415289 | AE6: 44985 | AF6: 0.63934 | AG6: 4.4446277 | AJ6: 45016 | AK6: 0.62369 | AL6: 4.2858106 | AO6: 45044 | AP6: 0.5991 | AQ6: 4.1481684 | AT6: 45077 | AU6: 0.59665 | AV6: 4.225535 | AY6: 45107 | AZ6: 0.56463 | BA6: 4.0799035 | BD6: 45138 | BE6: 0.55948 | BF6: 3.9893721 | BI6: 45169 | BJ6: 0.56414 | BK6: 4.0511458 | BN6: 45197 | BO6: 0.61482 | BP6: 4.4142846 | BS6: 45230 | BT6: 0.58466 | BU6: 4.196631 | BX6: 45260 | BY6: 0.55663 | BZ6: 3.9530749 | CC6: 45289 | CD6: 0.55227 | CE6: 3.9115627 | CH6: 45321 | CI6: 0.56692 | CJ6: 4.0282501 | CM6: 45351 | CN6: 0.56056 | CO6: 3.981994 | CR6: 45380 | CS6: 0.56216 | CT6: 3.9885252 | CW6: 45412 | CX6: 0.56669 | CY6: 4.0270691 | DB6: 45443 | DC6: 0.55603 | DD6: 3.9527061 | DG6: 45471 | DH6: 0.56533 | DI6: 4.0289938 | DL6: 45504 | DM6: 0.55605 | DN6: 3.9671943 | DQ6: 45534 | DR6: 0.54367 | DS6: 3.8667985 | DV6: 45565 | DW6: 0.54575 | DX6: 3.824289 | EA6: 45596 | EB6: 0.56273 | EC6: 4.0094512 | EF6: 45625 | EG6: 0.5657 | EH6: 4.066082 | EK6: 45657 | EL6: 0.56827 | EM6: 4.084952 | EP6: 45674 | EQ6: 0.57203 | ER6: 4.112266 | EU6: 45716 | EV6: 0.55513 | EW6: 3.982392 | EZ6: 45747 | FA6: 0.53593 | FB6: 3.847013 | FE6: 45777 | FF6: 0.51867 | FG6: 3.73515 | FJ6: 45807 | FK6: 0.51957 | FL6: 3.733007 | FO6: 45838 | FP6: 0.50438 | FQ6: 3.610655 | FT6: 45869 | FU6: 0.52153 | FV6: 3.728627 | FY6: 45898 | FZ6: 0.51323 | GA6: 3.645473 | GD6: 45930 | GE6: 0.5117 | GF6: 3.635884 | GI6: 45961 | GJ6: 0.51657 | GK6: 3.6614482 | GN6: 45989 | GO6: 0.515 | GP6: 3.6456335 | GS6: 46022 | GT6: 0.51289 | GU6: 3.6050012 | GX6: 46052 | GY6: 0.5048 | GZ6: 3.5173454 | HC6: 46080 | HD6: 0.51899 | HE6: 3.592864 | HH6: 46112 | HI6: 0.54115 | HJ6: 3.7444333 | HM6: 46142 | HN6: 0.53186 | HO6: 3.6500488 | HR6: 46171 | HS6: 0.53329 | HT6: 3.6357579 | HW6: 46203 | HX6: 0.55184 | HY6: 3.7585271
B7: 2022-10-28 | C7: 66.053 | D7: =C7/100 -> 0.66053 | E7: 716.98 | F7: =E7/100 -> 7.1698 | G7: =D7*F7 -> 4.735868 | I7: 2022-11-29 | J7: 63.019 | K7: =J7/100 -> 0.63019 | L7: 719.89 | M7: =L7/100 -> 7.1989 | N7: =K7*M7 -> 4.5366748 | P7: 2022-12-29 | Q7: 63.236 | R7: =Q7/100 -> 0.63236 | S7: 697.93 | T7: =S7/100 -> 6.9793 | U7: =R7*T7 -> 4.4134301 | W7: 2023-01-30 | X7: 64.093 | Y7: =X7/100 -> 0.64093 | Z7: 676.26 | AA7: =Z7/100 -> 6.7626 | AB7: =Y7*AA7 -> 4.3343532 | AE7: 44984 | AF7: 0.64272 | AG7: 4.4715316 | AJ7: 45015 | AK7: 0.6276 | AL7: 4.3232854 | AO7: 45043 | AP7: 0.5997 | AQ7: 4.1503438 | AT7: 45076 | AU7: 0.59583 | AV7: 4.2195489 | AY7: 45106 | AZ7: 0.56529 | BA7: 4.081846 | BD7: 45135 | BE7: 0.56218 | BF7: 4.0104797 | BI7: 45168 | BJ7: 0.5667 | BK7: 4.0698127 | BN7: 45196 | BO7: 0.607 | BP7: 4.3532219 | BS7: 45229 | BT7: 0.5886 | BU7: 4.2250297 | BX7: 45259 | BY7: 0.55197 | BZ7: 3.9206981 | CC7: 45288 | CD7: 0.54825 | CE7: 3.8911496 | CH7: 45320 | CI7: 0.56653 | CJ7: 4.0278583 | CM7: 45350 | CN7: 0.5589 | CO7: 3.9723817 | CR7: 45379 | CS7: 0.56206 | CT7: 3.9877033 | CW7: 45411 | CX7: 0.56767 | CY7: 4.0342036 | DB7: 45442 | DC7: 0.55683 | DD7: 3.9596738 | DG7: 45470 | DH7: 0.56675 | DI7: 4.0392272 | DL7: 45503 | DM7: 0.55645 | DN7: 3.9710498 | DQ7: 45533 | DR7: 0.54185 | DS7: 3.8633363 | DV7: 45562 | DW7: 0.54565 | DX7: 3.825061 | EA7: 45595 | EB7: 0.56151 | EC7: 4.0086199 | EF7: 45624 | EG7: 0.5644 | EH7: 4.057697 | EK7: 45656 | EL7: 0.56639 | EM7: 4.071721 | EP7: 45673 | EQ7: 0.57196 | ER7: 4.111306 | EU7: 45715 | EV7: 0.54764 | EW7: 3.928769 | EZ7: 45744 | FA7: 0.53777 | FB7: 3.858607 | FE7: 45776 | FF7: 0.51772 | FG7: 3.729085 | FJ7: 45806 | FK7: 0.52286 | FL7: 3.759729 | FO7: 45835 | FP7: 0.50617 | FQ7: 3.625544 | FT7: 45868 | FU7: 0.51739 | FV7: 3.696286 | FY7: 45897 | FZ7: 0.51443 | GA7: 3.655694 | GD7: 45929 | GE7: 0.51203 | GF7: 3.63997 | GI7: 45960 | GJ7: 0.51513 | GK7: 3.6504172 | GN7: 45988 | GO7: 0.51584 | GP7: 3.6510639 | GS7: 46021 | GT7: 0.51131 | GU7: 3.5969636 | GX7: 46051 | GY7: 0.50463 | GZ7: 3.520854 | HC7: 46079 | HD7: 0.5169 | HE7: 3.5783953 | HH7: 46111 | HI7: 0.53865 | HJ7: 3.7286969 | HM7: 46141 | HN7: 0.52922 | HO7: 3.6308726 | HR7: 46170 | HS7: 0.53458 | HT7: 3.6479739 | HW7: 46202 | HX7: 0.5527 | HY7: 3.7680323
B8: 2022-10-27 | C8: 65.837 | D8: =C8/100 -> 0.65837 | E8: 715.7 | F8: =E8/100 -> 7.157 | G8: =D8*F8 -> 4.7119541 | I8: 2022-11-28 | J8: 63.222 | K8: =J8/100 -> 0.63222 | L8: 716.17 | M8: =L8/100 -> 7.1617 | N8: =K8*M8 -> 4.52777 | P8: 2022-12-28 | Q8: 63.166 | R8: =Q8/100 -> 0.63166 | S8: 696.81 | T8: =S8/100 -> 6.9681 | U8: =R8*T8 -> 4.40147 | W8: 2023-01-20 | X8: 64.349 | Y8: =X8/100 -> 0.64349 | Z8: 677.02 | AA8: =Z8/100 -> 6.7702 | AB8: =Y8*AA8 -> 4.356556 | AE8: 44981 | AF8: 0.64682 | AG8: 4.4593064 | AJ8: 45014 | AK8: 0.62747 | AL8: 4.3151739 | AO8: 45042 | AP8: 0.6046 | AQ8: 4.186069 | AT8: 45075 | AU8: 0.5983 | AV8: 4.2225022 | AY8: 45105 | AZ8: 0.56293 | BA8: 4.0587816 | BD8: 45134 | BE8: 0.55852 | BF8: 3.9802928 | BI8: 45167 | BJ8: 0.5694 | BK8: 4.0911959 | BN8: 45195 | BO8: 0.60592 | BP8: 4.3460824 | BS8: 45226 | BT8: 0.58763 | BU8: 4.2181257 | BX8: 45258 | BY8: 0.55825 | BZ8: 3.9709439 | CC8: 45287 | CD8: 0.55229 | CE8: 3.9213695 | CH8: 45317 | CI8: 0.56721 | CJ8: 4.0313884 | CM8: 45349 | CN8: 0.5591 | CO8: 3.9727969 | CR8: 45378 | CS8: 0.56073 | CT8: 3.9781551 | CW8: 45408 | CX8: 0.56602 | CY8: 4.0219117 | DB8: 45441 | DC8: 0.55153 | DD8: 3.9217092 | DG8: 45469 | DH8: 0.56362 | DI8: 4.0156798 | DL8: 45502 | DM8: 0.55228 | DN8: 3.93864 | DQ8: 45532 | DR8: 0.53786 | DS8: 3.8304238 | DV8: 45561 | DW8: 0.54507 | DX8: 3.834785 | EA8: 45594 | EB8: 0.56428 | EC8: 4.0223571 | EF8: 45623 | EG8: 0.56758 | EH8: 4.085554 | EK8: 45653 | EL8: 0.56589 | EM8: 4.068353 | EP8: 45672 | EQ8: 0.57219 | ER8: 4.113073 | EU8: 45714 | EV8: 0.5466 | EW8: 3.920871 | EZ8: 45743 | FA8: 0.54037 | FB8: 3.877857 | FE8: 45775 | FF8: 0.52 | FG8: 3.746236 | FJ8: 45805 | FK8: 0.52073 | FL8: 3.743736 | FO8: 45834 | FP8: 0.50811 | FQ8: 3.639084 | FT8: 45867 | FU8: 0.5134 | FV8: 3.671375 | FY8: 45896 | FZ8: 0.513 | GA8: 3.64784 | GD8: 45926 | GE8: 0.51407 | GF8: 3.657711 | GI8: 45959 | GJ8: 0.51219 | GK8: 3.6285076 | GN8: 45987 | GO8: 0.51535 | GP8: 3.6484719 | GS8: 46020 | GT8: 0.51013 | GU8: 3.5877953 | GX8: 46050 | GY8: 0.50312 | GZ8: 3.5095136 | HC8: 46078 | HD8: 0.51755 | HE8: 3.5877084 | HH8: 46108 | HI8: 0.53654 | HJ8: 3.7096912 | HM8: 46140 | HN8: 0.52885 | HO8: 3.6273293 | HR8: 46169 | HS8: 0.53398 | HT8: 3.6466028 | HW8: 46199 | HX8: 0.55304 | HY8: 3.7698525
B9: 2022-10-26 | C9: 66.816 | D9: =C9/100 -> 0.66816 | E9: 716.38 | F9: =E9/100 -> 7.1638 | G9: =D9*F9 -> 4.7865646 | I9: 2022-11-25 | J9: 63.362 | K9: =J9/100 -> 0.63362 | L9: 713.39 | M9: =L9/100 -> 7.1339 | N9: =K9*M9 -> 4.5201817 | P9: 2022-12-27 | Q9: 62.721 | R9: =Q9/100 -> 0.62721 | S9: 695.46 | T9: =S9/100 -> 6.9546 | U9: =R9*T9 -> 4.3619947 | W9: 2023-01-19 | X9: 64.646 | Y9: =X9/100 -> 0.64646 | Z9: 676.74 | AA9: =Z9/100 -> 6.7674 | AB9: =Y9*AA9 -> 4.3748534 | AE9: 44980 | AF9: 0.64859 | AG9: 4.4770871 | AJ9: 45013 | AK9: 0.63089 | AL9: 4.3373057 | AO9: 45041 | AP9: 0.60426 | AQ9: 4.1601488 | AT9: 45072 | AU9: 0.59299 | AV9: 4.1959972 | AY9: 45104 | AZ9: 0.56353 | BA9: 4.0629386 | BD9: 45133 | BE9: 0.56221 | BF9: 4.0082762 | BI9: 45166 | BJ9: 0.56998 | BK9: 4.0956483 | BN9: 45194 | BO9: 0.60269 | BP9: 4.3229146 | BS9: 45225 | BT9: 0.58987 | BU9: 4.2343228 | BX9: 45257 | BY9: 0.5613 | BZ9: 3.9941547 | CC9: 45286 | CD9: 0.55407 | CE9: 3.9319578 | CH9: 45316 | CI9: 0.56687 | CJ9: 4.0272712 | CM9: 45348 | CN9: 0.55981 | CO9: 3.9791295 | CR9: 45377 | CS9: 0.55952 | CT9: 3.9694027 | CW9: 45407 | CX9: 0.57016 | CY9: 4.0514429 | DB9: 45440 | DC9: 0.55243 | DD9: 3.9278325 | DG9: 45468 | DH9: 0.56189 | DI9: 4.0020615 | DL9: 45499 | DM9: 0.55392 | DN9: 3.9477878 | DQ9: 45531 | DR9: 0.53859 | DS9: 3.8373999 | DV9: 45560 | DW9: 0.54187 | DX9: 3.804036 | EA9: 45593 | EB9: 0.56427 | EC9: 4.0236401 | EF9: 45622 | EG9: 0.56858 | EH9: 4.088659 | EK9: 45652 | EL9: 0.56661 | EM9: 4.073756 | EP9: 45671 | EQ9: 0.57515 | ER9: 4.134063 | EU9: 45713 | EV9: 0.55013 | EW9: 3.945862 | EZ9: 45742 | FA9: 0.53577 | FB9: 3.844364 | FE9: 45772 | FF9: 0.51945 | FG9: 3.743468 | FJ9: 45804 | FK9: 0.51856 | FL9: 3.727202 | FO9: 45833 | FP9: 0.51085 | FQ9: 3.66116 | FT9: 45866 | FU9: 0.50503 | FV9: 3.609298 | FY9: 45895 | FZ9: 0.51323 | GA9: 3.653582 | GD9: 45925 | GE9: 0.51057 | GF9: 3.631072 | GI9: 45958 | GJ9: 0.5122 | GK9: 3.6292443 | GN9: 45986 | GO9: 0.51821 | GP9: 3.6702741 | GS9: 46017 | GT9: 0.50983 | GU9: 3.5870619 | GX9: 46049 | GY9: 0.50828 | GZ9: 3.5507424 | HC9: 46077 | HD9: 0.51605 | HE9: 3.5821095 | HH9: 46107 | HI9: 0.53551 | HJ9: 3.6980179 | HM9: 46139 | HN9: 0.52875 | HO9: 3.6261146 | HR9: 46168 | HS9: 0.53337 | HT9: 3.6422771 | HW9: 46198 | HX9: 0.55391 | HY9: 3.7781647
B10: 2022-10-25 | C10: 67.796 | D10: =C10/100 -> 0.67796 | E10: 716.68 | F10: =E10/100 -> 7.1668 | G10: =D10*F10 -> 4.8588037 | I10: 2022-11-24 | J10: 63.473 | K10: =J10/100 -> 0.63473 | L10: 712.01 | M10: =L10/100 -> 7.1201 | N10: =K10*M10 -> 4.5193411 | P10: 2022-12-26 | Q10: 62.583 | R10: =Q10/100 -> 0.62583 | S10: 698.25 | T10: =S10/100 -> 6.9825 | U10: =R10*T10 -> 4.369858 | W10: 2023-01-18 | X10: 64.45 | Y10: =X10/100 -> 0.6445 | Z10: 676.02 | AA10: =Z10/100 -> 6.7602 | AB10: =Y10*AA10 -> 4.3569489 | AE10: 44979 | AF10: 0.64819 | AG10: 4.4568896 | AJ10: 45012 | AK10: 0.63271 | AL10: 4.3476035 | AO10: 45040 | AP10: 0.60963 | AQ10: 4.1963881 | AT10: 45071 | AU10: 0.59438 | AV10: 4.1921027 | AY10: 45103 | AZ10: 0.56441 | BA10: 4.0669127 | BD10: 45132 | BE10: 0.5584 | BF10: 3.987311 | BI10: 45163 | BJ10: 0.57037 | BK10: 4.0999907 | BN10: 45191 | BO10: 0.6032 | BP10: 4.3266933 | BS10: 45224 | BT10: 0.58697 | BU10: 4.2135641 | BX10: 45254 | BY10: 0.5628 | BZ10: 4.0043783 | CC10: 45285 | CD10: 0.55442 | CE10: 3.9369364 | CH10: 45315 | CI10: 0.5686 | CJ10: 4.0400736 | CM10: 45345 | CN10: 0.56256 | CO10: 3.9977764 | CR10: 45376 | CS10: 0.56236 | CT10: 3.9925311 | CW10: 45406 | CX10: 0.56707 | CY10: 4.0289189 | DB10: 45439 | DC10: 0.55169 | DD10: 3.9220194 | DG10: 45467 | DH10: 0.56809 | DI10: 4.0448576 | DL10: 45498 | DM10: 0.55589 | DN10: 3.9646631 | DQ10: 45530 | DR10: 0.53637 | DS10: 3.8156825 | DV10: 45559 | DW10: 0.54541 | DX10: 3.845686 | EA10: 45590 | EB10: 0.56466 | EC10: 4.0141679 | EF10: 45621 | EG10: 0.57224 | EH10: 4.115436 | EK10: 45651 | EL10: 0.56617 | EM10: 4.068951 | EP10: 45670 | EQ10: 0.57499 | ER10: 4.133316 | EU10: 45712 | EV10: 0.55137 | EW10: 3.95426 | EZ10: 45741 | FA10: 0.5361 | FB10: 3.848555 | FE10: 45771 | FF10: 0.52167 | FG10: 3.761136 | FJ10: 45803 | FK10: 0.52005 | FL10: 3.735675 | FO10: 45832 | FP10: 0.51439 | FQ10: 3.685913 | FT10: 45863 | FU10: 0.5066 | FV10: 3.618087 | FY10: 45894 | FZ10: 0.50979 | GA10: 3.627717 | GD10: 45924 | GE10: 0.50718 | GF10: 3.604883 | GI10: 45957 | GJ10: 0.51384 | GK10: 3.6421493 | GN10: 45985 | GO10: 0.51894 | GP10: 3.6765342 | GS10: 46016 | GT10: 0.50928 | GU10: 3.5849238 | GX10: 46048 | GY10: 0.51048 | GZ10: 3.5653455 | HC10: 46066 | HD10: 0.51213 | HE10: 3.5540798 | HH10: 46106 | HI10: 0.5337 | HJ10: 3.6777801 | HM10: 46136 | HN10: 0.52946 | HO10: 3.6360136 | HR10: 46167 | HS10: 0.5338 | HT10: 3.6468148 | HW10: 46197 | HX10: 0.55244 | HY10: 3.7673646
B11: 2022-10-24 | C11: 68.023 | D11: =C11/100 -> 0.68023 | E11: 712.3 | F11: =E11/100 -> 7.123 | G11: =D11*F11 -> 4.8452783 | I11: 2022-11-23 | J11: 64.053 | K11: =J11/100 -> 0.64053 | L11: 712.81 | M11: =L11/100 -> 7.1281 | N11: =K11*M11 -> 4.5657619 | P11: 2022-12-23 | Q11: 62.72 | R11: =Q11/100 -> 0.6272 | S11: 698.1 | T11: =S11/100 -> 6.981 | U11: =R11*T11 -> 4.3784832 | W11: 2023-01-17 | X11: 64.429 | Y11: =X11/100 -> 0.64429 | Z11: 672.22 | AA11: =Z11/100 -> 6.7222 | AB11: =Y11*AA11 -> 4.3310462 | AE11: 44978 | AF11: 0.64707 | AG11: 4.4361178 | AJ11: 45009 | AK11: 0.63217 | AL11: 4.3223992 | AO11: 45037 | AP11: 0.60985 | AQ11: 4.1928407 | AT11: 45070 | AU11: 0.59045 | AV11: 4.1662152 | AY11: 45098 | AZ11: 0.56677 | BA11: 4.0691252 | BD11: 45131 | BE11: 0.5586 | BF11: 3.9912529 | BI11: 45162 | BJ11: 0.56697 | BK11: 4.0757205 | BN11: 45190 | BO11: 0.60359 | BP11: 4.3295511 | BS11: 45223 | BT11: 0.58298 | BU11: 4.1849802 | BX11: 45253 | BY11: 0.56204 | BZ11: 4.0023992 | CC11: 45282 | CD11: 0.55423 | CE11: 3.9324281 | CH11: 45314 | CI11: 0.56341 | CJ11: 4.0068029 | CM11: 45344 | CN11: 0.56163 | CO11: 3.9885839 | CR11: 45373 | CS11: 0.55755 | CT11: 3.958828 | CW11: 45405 | CX11: 0.56995 | CY11: 4.0500077 | DB11: 45436 | DC11: 0.55441 | DD11: 3.941966 | DG11: 45464 | DH11: 0.56749 | DI11: 4.0403018 | DL11: 45497 | DM11: 0.55275 | DN11: 3.9443135 | DQ11: 45527 | DR11: 0.54013 | DS11: 3.8542597 | DV11: 45558 | DW11: 0.54253 | DX11: 3.826518 | EA11: 45589 | EB11: 0.56551 | EC11: 4.0312946 | EF11: 45618 | EG11: 0.57339 | EH11: 4.125082 | EK11: 45650 | EL11: 0.56697 | EM11: 4.075154 | EP11: 45667 | EQ11: 0.57203 | ER11: 4.112381 | EU11: 45709 | EV11: 0.55113 | EW11: 3.951382 | EZ11: 45740 | FA11: 0.53773 | FB11: 3.859826 | FE11: 45770 | FF11: 0.5201 | FG11: 3.750753 | FJ11: 45800 | FK11: 0.52303 | FL11: 3.761579 | FO11: 45831 | FP11: 0.51773 | FQ11: 3.712642 | FT11: 45862 | FU11: 0.50523 | FV11: 3.606584 | FY11: 45891 | FZ11: 0.5123 | GA11: 3.653775 | GD11: 45923 | GE11: 0.50747 | GF11: 3.60593 | GI11: 45954 | GJ11: 0.51263 | GK11: 3.6359821 | GN11: 45982 | GO11: 0.51731 | GP11: 3.6664346 | GS11: 46015 | GT11: 0.50896 | GU11: 3.586692 | GX11: 46045 | GY11: 0.51251 | GZ11: 3.5839312 | HC11: 46065 | HD11: 0.51201 | HE11: 3.5562679 | HH11: 46105 | HI11: 0.53268 | HJ11: 3.6724557 | HM11: 46135 | HN11: 0.52884 | HO11: 3.6304866 | HR11: 46164 | HS11: 0.53492 | HT11: 3.6574085 | HW11: 46196 | HX11: 0.54957 | HY11: 3.7464736
